395578,	0x8140,	0xA1A1,	0xE38080,	//	　
150324,	0x82CC,	0xA4CE,	0xE381AE,	//	の
122124,	0x815B,	0xA1BC,	0xE383BC,	//	ー
109859,	0x82A2,	0xA4A4,	0xE38184,	//	い
102815,	0x82B5,	0xA4B7,	0xE38197,	//	し
91442,	0x8142,	0xA1A3,	0xE38082,	//	。
90858,	0x82C5,	0xA4C7,	0xE381A7,	//	で
84908,	0x8141,	0xA1A2,	0xE38081,	//	、
84100,	0x82B7,	0xA4B9,	0xE38199,	//	す
83196,	0x82C9,	0xA4CB,	0xE381AB,	//	に
82905,	0x82C4,	0xA4C6,	0xE381A6,	//	て
77586,	0x82C8,	0xA4CA,	0xE381AA,	//	な
75826,	0x82E9,	0xA4EB,	0xE3828B,	//	る
70988,	0x82C6,	0xA4C8,	0xE381A8,	//	と
66550,	0x8393,	0xA5F3,	0xE383B3,	//	ン
65673,	0x82DC,	0xA4DE,	0xE381BE,	//	ま
65549,	0x82BD,	0xA4BF,	0xE3819F,	//	た
63876,	0x82CD,	0xA4CF,	0xE381AF,	//	は
62256,	0x8146,	0xA1A7,	0xEFBC9A,	//	：
62032,	0x82F0,	0xA4F2,	0xE38292,	//	を
60414,	0x82F1,	0xA4F3,	0xE38293,	//	ん
59498,	0x82A9,	0xA4AB,	0xE3818B,	//	か
57474,	0x8358,	0xA5B9,	0xE382B9,	//	ス
57420,	0x82AA,	0xA4AC,	0xE3818C,	//	が
51786,	0x82C1,	0xA4C3,	0xE381A3,	//	っ
45819,	0x8367,	0xA5C8,	0xE38388,	//	ト
44623,	0x82A4,	0xA4A6,	0xE38186,	//	う
43556,	0x82E7,	0xA4E9,	0xE38289,	//	ら
43417,	0x838B,	0xA5EB,	0xE383AB,	//	ル
41715,	0x82B3,	0xA4B5,	0xE38195,	//	さ
40459,	0x8145,	0xA1A6,	0xE383BB,	//	・
40314,	0x82E0,	0xA4E2,	0xE38282,	//	も
40034,	0x8362,	0xA5C3,	0xE38383,	//	ッ
39044,	0x82B1,	0xA4B3,	0xE38193,	//	こ
38695,	0x82EA,	0xA4EC,	0xE3828C,	//	れ
37388,	0x8343,	0xA5A4,	0xE382A4,	//	イ
36184,	0x84AA,	0xA8AC,	0xE29481,	//	━
35692,	0x8150,	0xA1B1,	0xEFBFA3,	//	‾
35408,	0x96BC,	0xCCBE,	0xE5908D,	//	名
33601,	0x82BE,	0xA4C0,	0xE381A0,	//	だ
33477,	0x82E8,	0xA4EA,	0xE3828A,	//	り
31130,	0x838C,	0xA5EC,	0xE383AC,	//	レ
30347,	0x834E,	0xA5AF,	0xE382AF,	//	ク
29643,	0x849F,	0xA8A1,	0xE29480,	//	─
29567,	0x93FA,	0xC6FC,	0xE697A5,	//	日
28747,	0x82AB,	0xA4AD,	0xE3818D,	//	き
27895,	0x82AD,	0xA4AF,	0xE3818F,	//	く
27572,	0x82A0,	0xA4A2,	0xE38182,	//	あ
26895,	0x838A,	0xA5EA,	0xE383AA,	//	リ
26879,	0x8381,	0xA5E1,	0xE383A1,	//	メ
26775,	0x8389,	0xA5E9,	0xE383A9,	//	ラ
25249,	0x8357,	0xA5B8,	0xE382B8,	//	ジ
23260,	0x8151,	0xA1B2,	0xEFBCBF,	//	＿
23147,	0x8169,	0xA1CA,	0xEFBC88,	//	（
23111,	0x8368,	0xA5C9,	0xE38389,	//	ド
22910,	0x82E6,	0xA4E8,	0xE38288,	//	よ
22725,	0x96B3,	0xCCB5,	0xE784A1,	//	無
22585,	0x816A,	0xA1CB,	0xEFBC89,	//	）
22537,	0x8341,	0xA5A2,	0xE382A2,	//	ア
22318,	0x8376,	0xA5D7,	0xE38397,	//	プ
21999,	0x8149,	0xA1AA,	0xEFBC81,	//	！
21451,	0x835E,	0xA5BF,	0xE382BF,	//	タ
21073,	0x82AF,	0xA4B1,	0xE38191,	//	け
20882,	0x8374,	0xA5D5,	0xE38395,	//	フ
20865,	0x82A8,	0xA4AA,	0xE3818A,	//	お
19666,	0x8175,	0xA1D6,	0xE3808C,	//	「
19380,	0x8176,	0xA1D7,	0xE3808D,	//	」
19322,	0x82C7,	0xA4C9,	0xE381A9,	//	ど
19063,	0x914F,	0xC1B0,	0xE5898D,	//	前
17707,	0x82DD,	0xA4DF,	0xE381BF,	//	み
17619,	0x82BF,	0xA4C1,	0xE381A1,	//	ち
17174,	0x82A6,	0xA4A8,	0xE38188,	//	え
17139,	0x82BB,	0xA4BD,	0xE3819D,	//	そ
16904,	0x8356,	0xA5B7,	0xE382B7,	//	シ
16742,	0x938A,	0xC5EA,	0xE68A95,	//	投
16453,	0x82C2,	0xA4C4,	0xE381A4,	//	つ
15872,	0x838D,	0xA5ED,	0xE383AD,	//	ロ
15609,	0x8D65,	0xB9C6,	0xE7A8BF,	//	稿
15358,	0x8352,	0xA5B3,	0xE382B3,	//	コ
15296,	0x8354,	0xA5B5,	0xE382B5,	//	サ
14782,	0x82B9,	0xA4BB,	0xE3819B,	//	せ
14774,	0x834F,	0xA5B0,	0xE382B0,	//	グ
14486,	0x81A1,	0xA2A3,	0xE296A0,	//	■
14467,	0x8365,	0xA5C6,	0xE38386,	//	テ
14348,	0x9056,	0xBFB7,	0xE696B0,	//	新
14298,	0x8148,	0xA1A9,	0xEFBC9F,	//	？
14235,	0x837D,	0xA5DE,	0xE3839E,	//	マ
13356,	0x835A,	0xA5BB,	0xE382BB,	//	セ
13279,	0x8385,	0xA5E5,	0xE383A5,	//	ュ
12867,	0x8380,	0xA5E0,	0xE383A0,	//	ム
12801,	0x836F,	0xA5D0,	0xE38390,	//	バ
12798,	0x906C,	0xBFCD,	0xE4BABA,	//	人
12485,	0x8F91,	0xBDF1,	0xE69BB8,	//	書
11953,	0x8366,	0xA5C7,	0xE38387,	//	デ
11930,	0x82E2,	0xA4E4,	0xE38284,	//	や
11632,	0x836A,	0xA5CB,	0xE3838B,	//	ニ
11381,	0x834A,	0xA5AB,	0xE382AB,	//	カ
11302,	0x834C,	0xA5AD,	0xE382AD,	//	キ
10969,	0x82DF,	0xA4E1,	0xE38281,	//	め
10892,	0x975C,	0xCDBD,	0xE4BA88,	//	予
10858,	0x96F1,	0xCCF3,	0xE7B484,	//	約
10819,	0x82ED,	0xA4EF,	0xE3828F,	//	わ
10545,	0x835F,	0xA5C0,	0xE38380,	//	ダ
10412,	0x815C,	0xA1BD,	0xE28095,	//	—
10281,	0x82E1,	0xA4E3,	0xE38283,	//	ゃ
10153,	0x8348,	0xA5A9,	0xE382A9,	//	ォ
9720,	0x8163,	0xA1C4,	0xE280A6,	//	…
9699,	0x8360,	0xA5C1,	0xE38381,	//	チ
9433,	0x9770,	0xCDD1,	0xE794A8,	//	用
9336,	0x8250,	0xA3B1,	0xEFBC91,	//	１
9318,	0x82CB,	0xA4CD,	0xE381AD,	//	ね
9312,	0x824F,	0xA3B0,	0xEFBC90,	//	０
9295,	0x8342,	0xA5A3,	0xE382A3,	//	ィ
9289,	0x82B6,	0xA4B8,	0xE38198,	//	じ
9262,	0x82D6,	0xA4D8,	0xE381B8,	//	へ
9176,	0x8EA6,	0xBCA8,	0xE7A4BA,	//	示
9104,	0x8383,	0xA5E3,	0xE383A3,	//	ャ
9098,	0x8E9E,	0xBBFE,	0xE69982,	//	時
9087,	0x8E67,	0xBBC8,	0xE4BDBF,	//	使
9050,	0x904D,	0xBFAE,	0xE4BFA1,	//	信
9031,	0x88EA,	0xB0EC,	0xE4B880,	//	一
9023,	0x8370,	0xA5D1,	0xE38391,	//	パ
8978,	0x82B2,	0xA4B4,	0xE38194,	//	ご
8973,	0x82EB,	0xA4ED,	0xE3828D,	//	ろ
8830,	0x8DEC,	0xBAEE,	0xE4BD9C,	//	作
8771,	0x8AD6,	0xB4D8,	0xE996A2,	//	関
8679,	0x8160,	0xA1C1,	0xEFBD9E,	//	〜
8666,	0x95F1,	0xCAF3,	0xE5A0B1,	//	報
8590,	0x967B,	0xCBDC,	0xE69CAC,	//	本
8524,	0xDE,	0x8EDE,	0xEFBE9E,	//	゛
8523,	0x8372,	0xA5D3,	0xE38393,	//	ビ
8401,	0x815E,	0xA1BF,	0xEFBC8F,	//	／
8323,	0x8F6F,	0xBDD0,	0xE587BA,	//	出
8162,	0x82CE,	0xA4D0,	0xE381B0,	//	ば
8161,	0x8272,	0xA3D3,	0xEFBCB3,	//	Ｓ
8117,	0x8349,	0xA5AA,	0xE382AA,	//	オ
8102,	0x8375,	0xA5D6,	0xE38396,	//	ブ
8100,	0x836C,	0xA5CD,	0xE3838D,	//	ネ
8046,	0x815F,	0xA1C0,	0xEFBCBC,	//	＼
7945,	0x8C8E,	0xB7EE,	0xE69C88,	//	月
7876,	0x8D87,	0xB9E7,	0xE59088,	//	合
7846,	0x8387,	0xA5E7,	0xE383A7,	//	ョ
7839,	0x8345,	0xA5A6,	0xE382A6,	//	ウ
7819,	0x8C9F,	0xB8A1,	0xE6A49C,	//	検
7712,	0x8369,	0xA5CA,	0xE3838A,	//	ナ
7695,	0x8FEE,	0xBEF0,	0xE68385,	//	情
7547,	0x8DF5,	0xBAF7,	0xE7B4A2,	//	索
7493,	0x91E5,	0xC2E7,	0xE5A4A7,	//	大
7460,	0x8E96,	0xBBF6,	0xE4BA8B,	//	事
7454,	0x9286,	0xC3E6,	0xE4B8AD,	//	中
7341,	0x95AA,	0xCAAC,	0xE58886,	//	分
7317,	0x9094,	0xBFF4,	0xE695B0,	//	数
7149,	0x8CA9,	0xB8AB,	0xE8A68B,	//	見
7090,	0x8379,	0xA5DA,	0xE3839A,	//	ペ
6989,	0x8DC5,	0xBAC7,	0xE69C80,	//	最
6971,	0x95FB,	0xCAFD,	0xE696B9,	//	方
6865,	0x82E5,	0xA4E7,	0xE38287,	//	ょ
6733,	0x837C,	0xA5DD,	0xE3839D,	//	ポ
6709,	0x81A0,	0xA2A2,	0xE296A1,	//	□
6640,	0x9153,	0xC1B4,	0xE585A8,	//	全
6626,	0x8ED2,	0xBCD4,	0xE88085,	//	者
6531,	0x8D73,	0xB9D4,	0xE8A18C,	//	行
6519,	0x89BA,	0xB2BC,	0xE4B88B,	//	下
6489,	0x837E,	0xA5DF,	0xE3839F,	//	ミ
6446,	0x94C2,	0xC8C4,	0xE69DBF,	//	板
6380,	0x955C,	0xC9BD,	0xE8A1A8,	//	表
6379,	0x96DA,	0xCCDC,	0xE79BAE,	//	目
6377,	0x92E8,	0xC4EA,	0xE5AE9A,	//	定
6206,	0x8CEA,	0xB8EC,	0xE8AA9E,	//	語
6192,	0x8346,	0xA5A7,	0xE382A7,	//	ェ
6180,	0x8CBE,	0xB8C0,	0xE8A880,	//	言
6172,	0x8251,	0xA3B2,	0xEFBC92,	//	２
6145,	0x9349,	0xC5AA,	0xE79A84,	//	的
6143,	0x81C8,	0xA2CA,	0xE288A7,	//	∧
6141,	0x82D7,	0xA4D9,	0xE381B9,	//	べ
6080,	0x8D9E,	0xB9FE,	0xE8BEBC,	//	込
6078,	0x8E76,	0xBBD7,	0xE6809D,	//	思
6035,	0x944E,	0xC7AF,	0xE5B9B4,	//	年
6029,	0x8373,	0xA5D4,	0xE38394,	//	ピ
5909,	0x8152,	0xA1B3,	0xE383BD,	//	ヽ
5886,	0x9841,	0xCFA2,	0xE980A3,	//	連
5793,	0x9594,	0xC9F4,	0xE983A8,	//	部
5747,	0x8179,	0xA1DA,	0xE38090,	//	【
5730,	0x817A,	0xA1DB,	0xE38091,	//	】
5721,	0x93FC,	0xC6FE,	0xE585A5,	//	入
5707,	0x82DE,	0xA4E0,	0xE38280,	//	む
5622,	0x985E,	0xCFBF,	0xE98CB2,	//	録
5622,	0x936F,	0xC5D0,	0xE799BB,	//	登
5617,	0x89EF,	0xB2F1,	0xE4BC9A,	//	会
5524,	0x979D,	0xCDFD,	0xE79086,	//	理
5518,	0x82D9,	0xA4DB,	0xE381BB,	//	ほ
5510,	0x8FEA,	0xBEEC,	0xE5A0B4,	//	場
5506,	0x93E0,	0xC6E2,	0xE58685,	//	内
5461,	0x95B6,	0xCAB8,	0xE69687,	//	文
5360,	0x8C66,	0xB7C7,	0xE68EB2,	//	掲
5358,	0x8347,	0xA5A8,	0xE382A8,	//	エ
5351,	0x8FE3,	0xBEE5,	0xE4B88A,	//	上
5285,	0x814D,	0xA1AE,	0xEFBD80,	//	｀
5266,	0x8A4A,	0xB3AB,	0xE9968B,	//	開
5222,	0x81A4,	0xA2A6,	0xE296BD,	//	▽
5209,	0x93AE,	0xC6B0,	0xE58B95,	//	動
5208,	0x8AD4,	0xB4D6,	0xE99693,	//	間
5193,	0xDF,	0x8EDF,	0xEFBE9F,	//	゜
5146,	0x8B4C,	0xB5AD,	0xE8A898,	//	記
5113,	0x8363,	0xA5C4,	0xE38384,	//	ツ
5061,	0x8DA1,	0xBAA3,	0xE4BB8A,	//	今
5054,	0x8E71,	0xBBD2,	0xE5AD90,	//	子
5048,	0x8B43,	0xB5A4,	0xE6B097,	//	気
5026,	0x8382,	0xA5E2,	0xE383A2,	//	モ
4978,	0x819A,	0xA1FA,	0xE29885,	//	★
4960,	0x835C,	0xA5BD,	0xE382BD,	//	ソ
4879,	0x93C7,	0xC6C9,	0xE8AAAD,	//	読
4878,	0x96E2,	0xCCE4,	0xE5958F,	//	問
4817,	0x88D3,	0xB0D5,	0xE6848F,	//	意
4808,	0x8EC0,	0xBCC2,	0xE5AE9F,	//	実
4790,	0x8EA9,	0xBCAB,	0xE887AA,	//	自
4738,	0x8D91,	0xB9F1,	0xE59BBD,	//	国
4714,	0x95CF,	0xCAD1,	0xE5A489,	//	変
4704,	0x976C,	0xCDCD,	0xE6A798,	//	様
4703,	0x8E9A,	0xBBFA,	0xE5AD97,	//	字
4541,	0x836D,	0xA5CE,	0xE3838E,	//	ノ
4536,	0xA5,	0x8EA5,	0xEFBDA5,	//	・
4517,	0x94AD,	0xC8AF,	0xE799BA,	//	発
4478,	0x81A5,	0xA2A7,	0xE296BC,	//	▼
4389,	0x90B6,	0xC0B8,	0xE7949F,	//	生
4374,	0x82B8,	0xA4BA,	0xE3819A,	//	ず
4366,	0x8261,	0xA3C2,	0xEFBCA2,	//	Ｂ
4353,	0x8ED0,	0xBCD2,	0xE7A4BE,	//	社
4352,	0x8EF3,	0xBCF5,	0xE58F97,	//	受
4298,	0x8350,	0xA5B1,	0xE382B1,	//	ケ
4281,	0x838F,	0xA5EF,	0xE383AF,	//	ワ
4278,	0x8162,	0xA1C3,	0xEFBD9C,	//	｜
4278,	0x8EE8,	0xBCEA,	0xE6898B,	//	手
4276,	0x92CA,	0xC4CC,	0xE9809A,	//	通
4204,	0x81CD,	0xA2CF,	0xE28880,	//	∀
4203,	0xB0,	0x8EB0,	0xEFBDB0,	//	ー
4143,	0x82DB,	0xA4DD,	0xE381BD,	//	ぽ
4109,	0xCA,	0x8ECA,	0xEFBE8A,	//	ハ
4093,	0x8F9C,	0xBDFC,	0xE999A4,	//	除
4051,	0x82CA,	0xA4CC,	0xE381AC,	//	ぬ
4048,	0x834B,	0xA5AC,	0xE382AC,	//	ガ
4044,	0x8A77,	0xB3D8,	0xE5ADA6,	//	学
4030,	0x90AC,	0xC0AE,	0xE68890,	//	成
4018,	0x817C,	0xA1DD,	0xEFBC8D,	//	−
4015,	0x96D8,	0xCCDA,	0xE69CA8,	//	木
4003,	0x8340,	0xA5A1,	0xE382A1,	//	ァ
3990,	0x9149,	0xC1AA,	0xE981B8,	//	選
3989,	0x8359,	0xA5BA,	0xE382BA,	//	ズ
3934,	0x819F,	0xA2A1,	0xE29786,	//	◆
3867,	0x8E9F,	0xBCA1,	0xE6ACA1,	//	次
3845,	0x9197,	0xC1F7,	0xE98081,	//	送
3845,	0x837A,	0xA5DB,	0xE3839B,	//	ホ
3827,	0x8197,	0xA1F7,	0xEFBCA0,	//	＠
3816,	0x9776,	0xCDD7,	0xE8A681,	//	要
3794,	0x926D,	0xC3CE,	0xE79FA5,	//	知
3771,	0x8252,	0xA3B3,	0xEFBC93,	//	３
3767,	0x9862,	0xCFC3,	0xE8A9B1,	//	話
3755,	0x8D58,	0xB9B9,	0xE69BB4,	//	更
3752,	0xA4,	0x8EA4,	0xEFBDA4,	//	、
3748,	0x8F57,	0xBDB8,	0xE99B86,	//	集
3742,	0x8C8F,	0xB7EF,	0xE4BBB6,	//	件
3731,	0x88C8,	0xB0CA,	0xE4BBA5,	//	以
3680,	0x91E8,	0xC2EA,	0xE9A18C,	//	題
3667,	0x8D80,	0xB9E0,	0xE9A085,	//	項
3650,	0x8378,	0xA5D9,	0xE38399,	//	ベ
3611,	0x95D4,	0xCAD6,	0xE8BF94,	//	返
3592,	0x89C2,	0xB2C4,	0xE58FAF,	//	可
3583,	0x89BB,	0xB2BD,	0xE58C96,	//	化
3553,	0x84AB,	0xA8AD,	0xE29483,	//	┃
3516,	0x836E,	0xA5CF,	0xE3838F,	//	ハ
3514,	0x9085,	0xBFE5,	0xE6B0B4,	//	水
3504,	0x8444,	0xA7A5,	0xD094,	//	Д
3501,	0x90E6,	0xC0E8,	0xE58588,	//	先
3491,	0x90B3,	0xC0B5,	0xE6ADA3,	//	正
3462,	0x91CE,	0xC2D0,	0xE5AFBE,	//	対
3418,	0x945C,	0xC7BD,	0xE883BD,	//	能
3403,	0x8CBB,	0xB8BD,	0xE78FBE,	//	現
3400,	0x8CE3,	0xB8E5,	0xE5BE8C,	//	後
3390,	0xDD,	0x8EDD,	0xEFBE9D,	//	ン
3376,	0x89C1,	0xB2C3,	0xE58AA0,	//	加
3361,	0x94D4,	0xC8D6,	0xE795AA,	//	番
3360,	0xA7,	0x8EA7,	0xEFBDA7,	//	ァ
3327,	0x8DED,	0xBAEF,	0xE5898A,	//	削
3326,	0xC0,	0x8EC0,	0xEFBE80,	//	タ
3295,	0x9569,	0xC9CA,	0xE59381,	//	品
3279,	0x8EAB,	0xBCAD,	0xE8BE9E,	//	辞
3269,	0x8E64,	0xBBC5,	0xE4BB95,	//	仕
3264,	0x9574,	0xC9D5,	0xE4BB98,	//	付
3252,	0x93AF,	0xC6B1,	0xE5908C,	//	同
3237,	0x97BF,	0xCEC1,	0xE69699,	//	料
3237,	0x8355,	0xA5B6,	0xE382B6,	//	ザ
3210,	0x82D1,	0xA4D3,	0xE381B3,	//	び
3192,	0x9285,	0xC3E5,	0xE79D80,	//	着
3159,	0x8143,	0xA1A4,	0xEFBC8C,	//	，
3120,	0x8BE0,	0xB6E2,	0xE98791,	//	金
3106,	0x926E,	0xC3CF,	0xE59CB0,	//	地
3104,	0x89F0,	0xB2F2,	0xE8A7A3,	//	解
3087,	0x8199,	0xA1F9,	0xE29886,	//	☆
3077,	0x89F1,	0xB2F3,	0xE59B9E,	//	回
3057,	0x90AB,	0xC0AD,	0xE680A7,	//	性
3033,	0x82B0,	0xA4B2,	0xE38192,	//	げ
3028,	0x91F0,	0xC2F2,	0xE68A9E,	//	択
3007,	0x91CC,	0xC2CE,	0xE4BD93,	//	体
3002,	0x8353,	0xA5B4,	0xE382B4,	//	ゴ
2999,	0x89E6,	0xB2E8,	0xE794BB,	//	画
2901,	0x89BD,	0xB2BF,	0xE4BD95,	//	何
2876,	0x8377,	0xA5D8,	0xE38398,	//	ヘ
2853,	0xBA,	0x8EBA,	0xEFBDBA,	//	コ
2834,	0x8A4F,	0xB3B0,	0xE5A496,	//	外
2825,	0x82AE,	0xA4B0,	0xE38190,	//	ぐ
2781,	0x829F,	0xA4A1,	0xE38181,	//	ぁ
2749,	0x837B,	0xA5DC,	0xE3839C,	//	ボ
2737,	0x8B4B,	0xB5AC,	0xE8A68F,	//	規
2707,	0x8E84,	0xBBE4,	0xE7A781,	//	私
2701,	0x8D82,	0xB9E2,	0xE9AB98,	//	高
2687,	0x9396,	0xC5F6,	0xE5BD93,	//	当
2677,	0x95DB,	0xCADD,	0xE4BF9D,	//	保
2660,	0x96BE,	0xCCC0,	0xE6988E,	//	明
2640,	0x935D,	0xC5BE,	0xE8BBA2,	//	転
2639,	0x9640,	0xCBA1,	0xE6B395,	//	法
2637,	0x8BB3,	0xB6B5,	0xE69599,	//	教
2615,	0x97AA,	0xCEAC,	0xE795A5,	//	略
2600,	0x9765,	0xCDC6,	0xE5AEB9,	//	容
2599,	0x96DF,	0xCCE1,	0xE688BB,	//	戻
2584,	0x9788,	0xCDE8,	0xE69DA5,	//	来
2569,	0xC9,	0x8EC9,	0xEFBE89,	//	ノ
2552,	0x9363,	0xC5C4,	0xE794B0,	//	田
2549,	0x96EC,	0xCCEE,	0xE9878E,	//	野
2549,	0x8DC4,	0xBAC6,	0xE5868D,	//	再
2545,	0x8BC6,	0xB6C8,	0xE6A5AD,	//	業
2496,	0x93B9,	0xC6BB,	0xE98193,	//	道
2471,	0x8E51,	0xBBB2,	0xE58F82,	//	参
2456,	0x8253,	0xA3B4,	0xEFBC94,	//	４
2453,	0x88DA,	0xB0DC,	0xE7A7BB,	//	移
2438,	0x819B,	0xA1FB,	0xE2978B,	//	○
2434,	0x8254,	0xA3B5,	0xEFBC95,	//	５
2420,	0x91E3,	0xC2E5,	0xE4BBA3,	//	代
2418,	0x8181,	0xA1E1,	0xEFBC9D,	//	＝
2408,	0x82D4,	0xA4D6,	0xE381B6,	//	ぶ
2405,	0x93F1,	0xC6F3,	0xE4BA8C,	//	二
2374,	0x8C8B,	0xB7EB,	0xE7B590,	//	結
2365,	0x8F8A,	0xBDEA,	0xE68980,	//	所
2358,	0x9378,	0xC5D9,	0xE5BAA6,	//	度
2357,	0x97CD,	0xCECF,	0xE58A9B,	//	力
2354,	0x8FAC,	0xBEAE,	0xE5B08F,	//	小
2352,	0x9798,	0xCDF8,	0xE588A9,	//	利
2346,	0x9354,	0xC5B5,	0xE585B8,	//	典
2333,	0x9167,	0xC1C8,	0xE7B584,	//	組
2323,	0x93C1,	0xC6C3,	0xE789B9,	//	特
2323,	0x8EE6,	0xBCE8,	0xE58F96,	//	取
2321,	0x92B7,	0xC4B9,	0xE995B7,	//	長
2312,	0xB6,	0x8EB6,	0xEFBDB6,	//	カ
2303,	0x8260,	0xA3C1,	0xEFBCA1,	//	Ａ
2301,	0x8E77,	0xBBD8,	0xE68C87,	//	指
2297,	0x8D90,	0xB9F0,	0xE5918A,	//	告
2294,	0x8144,	0xA1A5,	0xEFBC8E,	//	．
2292,	0x90A2,	0xC0A4,	0xE4B896,	//	世
2274,	0x8386,	0xA5E6,	0xE383A6,	//	ユ
2268,	0x91BD,	0xC2BF,	0xE5A49A,	//	多
2228,	0x90ED,	0xC0EF,	0xE688A6,	//	戦
2216,	0x8F89,	0xBDE9,	0xE5889D,	//	初
2212,	0x91BC,	0xC2BE,	0xE4BB96,	//	他
2211,	0x8183,	0xA1E3,	0xEFBC9C,	//	＜
2209,	0x91E6,	0xC2E8,	0xE7ACAC,	//	第
2207,	0x95CA,	0xCACC,	0xE588A5,	//	別
2197,	0x88F8,	0xB0FA,	0xE5BC95,	//	引
2197,	0x90EC,	0xC0EE,	0xE5B79D,	//	川
2196,	0x8AB4,	0xB4B6,	0xE6849F,	//	感
2194,	0x8A6D,	0xB3CE,	0xE7A2BA,	//	確
2184,	0x897E,	0xB1DF,	0xE58686,	//	円
2176,	0x95A8,	0xCAAA,	0xE789A9,	//	物
2168,	0x8EAE,	0xBCB0,	0xE5BC8F,	//	式
2164,	0x938C,	0xC5EC,	0xE69DB1,	//	東
2164,	0x9573,	0xC9D4,	0xE4B88D,	//	不
2162,	0x954B,	0xC9AC,	0xE5BF85,	//	必
2145,	0x8DCF,	0xBAD1,	0xE6B888,	//	済
2140,	0x826C,	0xA3CD,	0xEFBCAD,	//	Ｍ
2137,	0x8FC8,	0xBECA,	0xE79C81,	//	省
2132,	0x826D,	0xA3CE,	0xEFBCAE,	//	Ｎ
2131,	0x95B7,	0xCAB9,	0xE8819E,	//	聞
2122,	0x8184,	0xA1E4,	0xEFBC9E,	//	＞
2111,	0x8C6F,	0xB7D0,	0xE7B58C,	//	経
2102,	0x8970,	0xB1D1,	0xE88BB1,	//	英
2100,	0x82D0,	0xA4D2,	0xE381B2,	//	ひ
2099,	0x81DC,	0xA2DE,	0xE28C92,	//	⌒
2094,	0x82BC,	0xA4BE,	0xE3819E,	//	ぞ
2076,	0x8B40,	0xB5A1,	0xE6A99F,	//	機
2073,	0xBF,	0x8EBF,	0xEFBDBF,	//	ソ
2066,	0x81A3,	0xA2A5,	0xE296B2,	//	▲
2047,	0x8EBF,	0xBCC1,	0xE8B3AA,	//	質
2033,	0x90DD,	0xC0DF,	0xE8A8AD,	//	設
2033,	0x8F49,	0xBDAA,	0xE7B582,	//	終
2033,	0x8D4C,	0xB9AD,	0xE5BA83,	//	広
2025,	0x8D6C,	0xB9CD,	0xE88083,	//	考
2019,	0x8C5E,	0xB7BF,	0xE59E8B,	//	型
2018,	0x9379,	0xC5DA,	0xE59C9F,	//	土
2016,	0x928D,	0xC3ED,	0xE6B3A8,	//	注
2013,	0x8AC7,	0xB4C9,	0xE7AEA1,	//	管
2002,	0x815D,	0xA1BE,	0xE28090,	//	‐
1998,	0x88E1,	0xB0E3,	0xE98195,	//	違
1997,	0x8CF6,	0xB8F8,	0xE585AC,	//	公
1992,	0x96A1,	0xCCA3,	0xE591B3,	//	味
1976,	0x918A,	0xC1EA,	0xE79BB8,	//	相
1969,	0x8CB3,	0xB8B5,	0xE58583,	//	元
1948,	0x94C5,	0xC8C7,	0xE78988,	//	版
1945,	0x8A79,	0xB3DA,	0xE6A5BD,	//	楽
1941,	0x8E4F,	0xBBB0,	0xE4B889,	//	三
1932,	0x8F97,	0xBDF7,	0xE5A5B3,	//	女
1927,	0x9364,	0xC5C5,	0xE99BBB,	//	電
1921,	0x82E4,	0xA4E6,	0xE38286,	//	ゆ
1912,	0x8E52,	0xBBB3,	0xE5B1B1,	//	山
1904,	0x8351,	0xA5B2,	0xE382B2,	//	ゲ
1892,	0x8AFA,	0xB4FC,	0xE69C9F,	//	期
1891,	0xB2,	0x8EB2,	0xEFBDB2,	//	イ
1879,	0x947A,	0xC7DB,	0xE9858D,	//	配
1875,	0x826F,	0xA3D0,	0xEFBCB0,	//	Ｐ
1865,	0x8B9E,	0xB5FE,	0xE4BAAC,	//	京
1850,	0x8E74,	0xBBD5,	0xE5B8AB,	//	師
1839,	0x97C7,	0xCEC9,	0xE889AF,	//	良
1832,	0x96F3,	0xCCF5,	0xE8A8B3,	//	訳
1830,	0x84A0,	0xA8A2,	0xE29482,	//	│
1815,	0x8DB7,	0xBAB9,	0xE5B7AE,	//	差
1815,	0x8177,	0xA1D8,	0xE3808E,	//	『
1813,	0x97F1,	0xCEF3,	0xE58897,	//	列
1813,	0x84B1,	0xA8B3,	0xE294B3,	//	┳
1810,	0x8178,	0xA1D9,	0xE3808F,	//	』
1805,	0x8DDA,	0xBADC,	0xE8BC89,	//	載
1805,	0x91B6,	0xC2B8,	0xE5AD98,	//	存
1800,	0x8E6E,	0xBBCF,	0xE5A78B,	//	始
1794,	0x826E,	0xA3CF,	0xEFBCAF,	//	Ｏ
1787,	0x82D3,	0xA4D5,	0xE381B5,	//	ふ
1778,	0x88C4,	0xB0C6,	0xE6A188,	//	案
1775,	0x82B4,	0xA4B6,	0xE38196,	//	ざ
1774,	0x95D2,	0xCAD4,	0xE7B7A8,	//	編
1769,	0x90D8,	0xC0DA,	0xE58887,	//	切
1768,	0x899E,	0xB1FE,	0xE5BF9C,	//	応
1764,	0x96CA,	0xCCCC,	0xE99DA2,	//	面
1755,	0x9774,	0xCDD5,	0xE89189,	//	葉
1751,	0x92C7,	0xC4C9,	0xE8BFBD,	//	追
1745,	0x91D6,	0xC2D8,	0xE69BBF,	//	替
1743,	0x8AB7,	0xB4B9,	0xE68F9B,	//	換
1734,	0x95C0,	0xCAC2,	0xE4B8A6,	//	並
1719,	0x90BB,	0xC0BD,	0xE8A3BD,	//	製
1715,	0x97A7,	0xCEA9,	0xE7AB8B,	//	立
1711,	0x9045,	0xBFA6,	0xE881B7,	//	職
1705,	0x9250,	0xC3B1,	0xE58D98,	//	単
1684,	0x82CF,	0xA4D1,	0xE381B1,	//	ぱ
1683,	0xAF,	0x8EAF,	0xEFBDAF,	//	ッ
1668,	0x9275,	0xC3D6,	0xE7BDAE,	//	置
1667,	0x91B1,	0xC2B3,	0xE7B69A,	//	続
1664,	0x89CE,	0xB2D0,	0xE781AB,	//	火
1664,	0x88F5,	0xB0F7,	0xE593A1,	//	員
1661,	0x89CA,	0xB2CC,	0xE69E9C,	//	果
1656,	0x8FA4,	0xBEA6,	0xE59586,	//	商
1655,	0x90E0,	0xC0E2,	0xE8AAAC,	//	説
1651,	0x8A45,	0xB3A6,	0xE7958C,	//	界
1633,	0x83C5,	0xA6C7,	0xCEB7,	//	η
1632,	0x9399,	0xC5F9,	0xE7AD89,	//	等
1630,	0x8989,	0xB1E9,	0xE6BC94,	//	演
1623,	0x8264,	0xA3C5,	0xEFBCA5,	//	Ｅ
1618,	0x82AC,	0xA4AE,	0xE3818E,	//	ぎ
1617,	0x8158,	0xA1B9,	0xE38085,	//	々
1612,	0x8CC4,	0xB8C6,	0xE591BC,	//	呼
1607,	0x9797,	0xCDF7,	0xE8A6A7,	//	覧
1601,	0x8B9F,	0xB6A1,	0xE4BE9B,	//	供
1600,	0x88C0,	0xB0C2,	0xE5AE89,	//	安
1598,	0x8DDB,	0xBADD,	0xE99A9B,	//	際
1580,	0x8258,	0xA3B9,	0xEFBC99,	//	９
1580,	0x935F,	0xC5C0,	0xE782B9,	//	点
1575,	0x8DDD,	0xBADF,	0xE59CA8,	//	在
1572,	0x88CA,	0xB0CC,	0xE4BD8D,	//	位
1568,	0x92BC,	0xC4BE,	0xE79BB4,	//	直
1567,	0x8D44,	0xB9A5,	0xE5A5BD,	//	好
1560,	0x92F1,	0xC4F3,	0xE68F90,	//	提
1551,	0x819C,	0xA1FC,	0xE2978F,	//	●
1547,	0x8A69,	0xB3CA,	0xE6A0BC,	//	格
1546,	0x8F88,	0xBDE8,	0xE587A6,	//	処
1535,	0x92A9,	0xC4AB,	0xE69C9D,	//	朝
1531,	0x89DF,	0xB2E1,	0xE9818E,	//	過
1529,	0x905E,	0xBFBF,	0xE79C9F,	//	真
1519,	0x89B4,	0xB2B6,	0xE4BFBA,	//	俺
1518,	0x9446,	0xC7A7,	0xE8AA8D,	//	認
1518,	0x81F4,	0xA2F6,	0xE299AA,	//	♪
1516,	0x974C,	0xCDAD,	0xE69C89,	//	有
1516,	0x89C6,	0xB2C8,	0xE5AEB6,	//	家
1516,	0x84B3,	0xA8B5,	0xE294BB,	//	┻
1512,	0x8D86,	0xB9E6,	0xE58FB7,	//	号
1499,	0x9484,	0xC7E4,	0xE5A3B2,	//	売
1493,	0x926B,	0xC3CC,	0xE8AB87,	//	談
1490,	0x9053,	0xBFB4,	0xE5BF83,	//	心
1485,	0x8256,	0xA3B7,	0xEFBC97,	//	７
1481,	0x93BE,	0xC6C0,	0xE5BE97,	//	得
1477,	0x92B2,	0xC4B4,	0xE8AABF,	//	調
1476,	0x8BDF,	0xB6E1,	0xE8BF91,	//	近
1475,	0x95C4,	0xCAC6,	0xE7B1B3,	//	米
1474,	0x8269,	0xA3CA,	0xEFBCAA,	//	Ｊ
1467,	0x8FF3,	0xBEF5,	0xE78AB6,	//	状
1464,	0x88E7,	0xB0E9,	0xE882B2,	//	育
1461,	0x8255,	0xA3B6,	0xEFBC96,	//	６
1439,	0x8BAD,	0xB6AF,	0xE5BCB7,	//	強
1439,	0x8CFC,	0xB8FE,	0xE59091,	//	向
1437,	0x8FAD,	0xBEAF,	0xE5B091,	//	少
1436,	0x8A88,	0xB3E8,	0xE6B4BB,	//	活
1423,	0x8AEE,	0xB4F0,	0xE59FBA,	//	基
1421,	0x8371,	0xA5D2,	0xE38392,	//	ヒ
1417,	0x90EA,	0xC0EC,	0xE5B082,	//	専
1413,	0x8D5C,	0xB9BD,	0xE6A78B,	//	構
1405,	0x8C88,	0xB7E8,	0xE6B1BA,	//	決
1402,	0x96A2,	0xCCA4,	0xE69CAA,	//	未
1401,	0x88E6,	0xB0E8,	0xE59F9F,	//	域
1398,	0x8273,	0xA3D4,	0xEFBCB4,	//	Ｔ
1390,	0x8E9D,	0xBBFD,	0xE68C81,	//	持
1390,	0x81A8,	0xA2AA,	0xE28692,	//	→
1389,	0x88AB,	0xB0AD,	0xE682AA,	//	悪
1387,	0x89B9,	0xB2BB,	0xE99FB3,	//	音
1385,	0x8FED,	0xBEEF,	0xE5B8B8,	//	常
1382,	0x97B9,	0xCEBB,	0xE4BA86,	//	了
1376,	0x9373,	0xC5D4,	0xE983BD,	//	都
1375,	0x926C,	0xC3CD,	0xE580A4,	//	値
1373,	0x94FC,	0xC8FE,	0xE7BE8E,	//	美
1372,	0x8F54,	0xBDB5,	0xE980B1,	//	週
1372,	0x8F43,	0xBDA4,	0xE4BFAE,	//	修
1371,	0x8FDA,	0xBEDC,	0xE8A9B3,	//	詳
1369,	0x8FD8,	0xBEDA,	0xE8A8BC,	//	証
1368,	0x89EE,	0xB2F0,	0xE4BB8B,	//	介
1366,	0x965D,	0xCBBE,	0xE69C9B,	//	望
1362,	0x907D,	0xBFDE,	0xE59BB3,	//	図
1352,	0x91D1,	0xC2D3,	0xE5B8AF,	//	帯
1338,	0x8CB4,	0xB8B6,	0xE58E9F,	//	原
1336,	0x8FE6,	0xBEE8,	0xE4B997,	//	乗
1333,	0x8AAE,	0xB4B0,	0xE5AE8C,	//	完
1332,	0x8CC0,	0xB8C2,	0xE99990,	//	限
1330,	0x8F5A,	0xBDBB,	0xE4BD8F,	//	住
1326,	0x84AE,	0xA8B0,	0xE2949B,	//	┛
1325,	0x899F,	0xB2A1,	0xE68ABC,	//	押
1320,	0x94A0,	0xC8A2,	0xE7AEB1,	//	箱
1319,	0x88F3,	0xB0F5,	0xE58DB0,	//	印
1316,	0x8966,	0xB1C7,	0xE698A0,	//	映
1315,	0xD8,	0x8ED8,	0xEFBE98,	//	リ
1310,	0xBC,	0x8EBC,	0xEFBDBC,	//	シ
1310,	0x8BAB,	0xB6AD,	0xE5A283,	//	境
1302,	0xD0,	0x8ED0,	0xEFBE90,	//	ミ
1302,	0x91AC,	0xC2AE,	0xE9809F,	//	速
1297,	0x8E59,	0xBBBA,	0xE794A3,	//	産
1288,	0x8275,	0xA3D6,	0xEFBCB6,	//	Ｖ
1288,	0x9046,	0xBFA7,	0xE889B2,	//	色
1286,	0x97E1,	0xCEE3,	0xE4BE8B,	//	例
1285,	0x8384,	0xA5E4,	0xE383A4,	//	ヤ
1278,	0x8A94,	0xB3F4,	0xE6A0AA,	//	株
1273,	0x8257,	0xA3B8,	0xEFBC98,	//	８
1267,	0x94F1,	0xC8F3,	0xE99D9E,	//	非
1260,	0x8AC2,	0xB4C4,	0xE792B0,	//	環
1259,	0x8E7E,	0xBBDF,	0xE6ADA2,	//	止
1257,	0x8D77,	0xB9D8,	0xE8B3BC,	//	購
1255,	0x8B60,	0xB5C1,	0xE7BEA9,	//	義
1249,	0xC4,	0x8EC4,	0xEFBE84,	//	ト
1245,	0x82DA,	0xA4DC,	0xE381BC,	//	ぼ
1243,	0x8267,	0xA3C8,	0xEFBCA8,	//	Ｈ
1241,	0x926A,	0xC3CB,	0xE794B7,	//	男
1234,	0x9356,	0xC5B7,	0xE5A4A9,	//	天
1229,	0x9387,	0xC5E7,	0xE5B3B6,	//	島
1220,	0x8262,	0xA3C3,	0xEFBCA3,	//	Ｃ
1217,	0x9861,	0xCFC2,	0xE5928C,	//	和
1212,	0x8A43,	0xB3A4,	0xE6B5B7,	//	海
1202,	0x8E81,	0xBBE1,	0xE6B08F,	//	氏
1198,	0x91D2,	0xC2D4,	0xE5BE85,	//	待
1188,	0x97CA,	0xCECC,	0xE9878F,	//	量
1184,	0x8B8E,	0xB5EE,	0xE58EBB,	//	去
1175,	0x97DE,	0xCEE0,	0xE9A19E,	//	類
1175,	0x905C,	0xBFBD,	0xE794B3,	//	申
1173,	0x90BA,	0xC0BC,	0xE5A3B0,	//	声
1167,	0x90A7,	0xC0A9,	0xE588B6,	//	制
1166,	0x819E,	0xA1FE,	0xE29787,	//	◇
1162,	0xB7,	0x8EB7,	0xEFBDB7,	//	キ
1158,	0x8FDB,	0xBEDD,	0xE8B1A1,	//	象
1157,	0x8297,	0xA3F7,	0xEFBD97,	//	ｗ
1155,	0x8F64,	0xBDC5,	0xE9878D,	//	重
1152,	0x826A,	0xA3CB,	0xEFBCAB,	//	Ｋ
1152,	0x8C60,	0xB7C1,	0xE5BDA2,	//	形
1150,	0x8168,	0xA1C9,	0xE2809D,	//	”
1148,	0x88A4,	0xB0A6,	0xE6849B,	//	愛
1147,	0x905F,	0xBFC0,	0xE7A59E,	//	神
1146,	0x8FF0,	0xBEF2,	0xE69DA1,	//	条
1144,	0x8268,	0xA3C9,	0xEFBCA9,	//	Ｉ
1142,	0x8FD0,	0xBED2,	0xE7B4B9,	//	紹
1136,	0xBD,	0x8EBD,	0xEFBDBD,	//	ス
1136,	0x8ED4,	0xBCD6,	0xE8BB8A,	//	車
1127,	0x834D,	0xA5AE,	0xE382AE,	//	ギ
1126,	0x8F87,	0xBDE7,	0xE9A086,	//	順
1126,	0x97AC,	0xCEAE,	0xE6B581,	//	流
1115,	0x9048,	0xBFA9,	0xE9A39F,	//	食
1108,	0x966B,	0xCBCC,	0xE58C97,	//	北
1107,	0x95FA,	0xCAFC,	0xE694BE,	//	放
1102,	0x8C6E,	0xB7CF,	0xE7B3BB,	//	系
1097,	0xB5,	0x8EB5,	0xEFBDB5,	//	オ
1096,	0x9C63,	0xD7C4,	0xE5BDA1,	//	彡
1094,	0x82A5,	0xA4A7,	0xE38187,	//	ぇ
1090,	0xCC,	0x8ECC,	0xEFBE8C,	//	フ
1087,	0x89BF,	0xB2C1,	0xE4BEA1,	//	価
1087,	0x969C,	0xCBFC,	0xE4B887,	//	万
1084,	0xB8,	0x8EB8,	0xEFBDB8,	//	ク
1076,	0x9492,	0xC7F2,	0xE799BD,	//	白
1075,	0x9166,	0xC1C7,	0xE7B4A0,	//	素
1073,	0x8276,	0xA3D7,	0xEFBCB7,	//	Ｗ
1069,	0x8E8E,	0xBBEE,	0xE8A9A6,	//	試
1063,	0xC6,	0x8EC6,	0xEFBE86,	//	ニ
1063,	0x8A65,	0xB3C6,	0xE59084,	//	各
1063,	0x8EE5,	0xBCE7,	0xE4B8BB,	//	主
1062,	0x90FC,	0xC0FE,	0xE7B79A,	//	線
1061,	0x8DD7,	0xBAD9,	0xE7B4B0,	//	細
1053,	0x94DB,	0xC8DD,	0xE590A6,	//	否
1052,	0x95BD,	0xCABF,	0xE5B9B3,	//	平
1051,	0x8F80,	0xBDE0,	0xE6BA96,	//	準
1048,	0x944F,	0xC7B0,	0xE5BFB5,	//	念
1046,	0x978D,	0xCDED,	0xE7B5A1,	//	絡
1043,	0x8FC6,	0xBEC8,	0xE785A7,	//	照
1043,	0x8DCE,	0xBAD0,	0xE6ADB3,	//	歳
1035,	0x939D,	0xC5FD,	0xE7B5B1,	//	統
1032,	0x8E73,	0xBBD4,	0xE5B882,	//	市
1031,	0x82BA,	0xA4BC,	0xE3819C,	//	ぜ
1024,	0x8E80,	0xBBE0,	0xE6ADBB,	//	死
1022,	0x826B,	0xA3CC,	0xEFBCAC,	//	Ｌ
1020,	0x8195,	0xA1F5,	0xEFBC86,	//	＆
1017,	0x8CFB,	0xB8FD,	0xE58FA3,	//	口
1015,	0x8C76,	0xB7D7,	0xE8A888,	//	計
1014,	0x955B,	0xC9BC,	0xE7A5A8,	//	票
1010,	0xD9,	0x8ED9,	0xEFBE99,	//	ル
1010,	0x9752,	0xCDB3,	0xE794B1,	//	由
1008,	0x8F70,	0xBDD1,	0xE8A193,	//	術
1008,	0x9180,	0xC1E0,	0xE6938D,	//	操
1005,	0x89A4,	0xB2A6,	0xE78E8B,	//	王
1005,	0x9152,	0xC1B3,	0xE784B6,	//	然
1005,	0x8EBA,	0xBCBC,	0xE5AEA4,	//	室
1001,	0x8FCE,	0xBED0,	0xE7AC91,	//	笑
990,	0x96EE,	0xCCF0,	0xE79FA2,	//	矢
990,	0x8153,	0xA1B4,	0xE383BE,	//	ヾ
979,	0x8C57,	0xB7B8,	0xE4BF82,	//	係
966,	0x8AD9,	0xB4DB,	0xE9A4A8,	//	館
960,	0x8D5A,	0xB9BB,	0xE6A0A1,	//	校
956,	0x81A6,	0xA2A8,	0xE280BB,	//	※
953,	0x917A,	0xC1DB,	0xE683B3,	//	想
951,	0x8E47,	0xBBA8,	0xE99B91,	//	雑
951,	0x88CB,	0xB0CD,	0xE4BE9D,	//	依
950,	0x9067,	0xBFC8,	0xE8BAAB,	//	身
946,	0x8B5A,	0xB5BB,	0xE68A80,	//	技
946,	0x81AB,	0xA2AD,	0xE28693,	//	↓
944,	0x83D0,	0xA6D2,	0xCF83,	//	σ
940,	0x9181,	0xC1E1,	0xE697A9,	//	早
939,	0x934B,	0xC5AC,	0xE981A9,	//	適
938,	0x8ADC,	0xB4DE,	0xE590AB,	//	含
937,	0x8271,	0xA3D2,	0xEFBCB2,	//	Ｒ
936,	0x8D48,	0xB9A9,	0xE5B7A5,	//	工
934,	0xDA,	0x8EDA,	0xEFBE9A,	//	レ
932,	0x8274,	0xA3D5,	0xEFBCB5,	//	Ｕ
932,	0x8AE8,	0xB4EA,	0xE9A198,	//	願
932,	0x919C,	0xC1FC,	0xE5838F,	//	像
930,	0x9195,	0xC1F5,	0xE8A385,	//	装
929,	0x90AF,	0xC0B1,	0xE6989F,	//	星
925,	0x978E,	0xCDEE,	0xE890BD,	//	落
924,	0x90DA,	0xC0DC,	0xE68EA5,	//	接
922,	0x985F,	0xCFC0,	0xE8AB96,	//	論
922,	0x9557,	0xC9B8,	0xE6A899,	//	標
920,	0x81BF,	0xA2C1,	0xE288A9,	//	∩
917,	0x8ECA,	0xBCCC,	0xE58699,	//	写
916,	0x8CA0,	0xB8A2,	0xE6A8A9,	//	権
915,	0x92A3,	0xC4A5,	0xE5BCB5,	//	張
914,	0x83C3,	0xA6C5,	0xCEB5,	//	ε
912,	0xD7,	0x8ED7,	0xEFBE97,	//	ラ
912,	0x91EE,	0xC2F0,	0xE5AE85,	//	宅
910,	0x8CF5,	0xB8F7,	0xE58589,	//	光
909,	0x8CF8,	0xB8FA,	0xE58AB9,	//	効
907,	0x93AA,	0xC6AC,	0xE9A0AD,	//	頭
904,	0x8E6D,	0xBBCE,	0xE5A3AB,	//	士
903,	0x8CB1,	0xB8B3,	0xE9A893,	//	験
903,	0x83C7,	0xA6C9,	0xCEB9,	//	ι
902,	0x8BF3,	0xB6F5,	0xE7A9BA,	//	空
901,	0x918D,	0xC1ED,	0xE7B78F,	//	総
901,	0x94B2,	0xC8B4,	0xE68A9C,	//	抜
900,	0x92B4,	0xC4B6,	0xE8B685,	//	超
898,	0x8B91,	0xB5F1,	0xE68B92,	//	拒
897,	0x9483,	0xC7E3,	0xE8B2B7,	//	買
897,	0x93A1,	0xC6A3,	0xE897A4,	//	藤
894,	0x8CC2,	0xB8C4,	0xE5808B,	//	個
887,	0x8E5A,	0xBBBB,	0xE7AE97,	//	算
884,	0x8F9F,	0xBEA1,	0xE58B9D,	//	勝
883,	0x8F4B,	0xBDAC,	0xE7BF92,	//	習
882,	0x8AC8,	0xB4CA,	0xE7B0A1,	//	簡
881,	0x89AE,	0xB2B0,	0xE5B18B,	//	屋
876,	0x8FC1,	0xBEC3,	0xE6B688,	//	消
876,	0x8167,	0xA1C8,	0xE2809C,	//	“
865,	0x95C2,	0xCAC4,	0xE99689,	//	閉
865,	0x8C82,	0xB7E2,	0xE69283,	//	撃
864,	0x8154,	0xA1B5,	0xE3829D,	//	ゝ
857,	0xCF,	0x8ECF,	0xEFBE8F,	//	マ
854,	0x8388,	0xA5E8,	0xE383A8,	//	ヨ
848,	0x8263,	0xA3C4,	0xEFBCA4,	//	Ｄ
845,	0xC3,	0x8EC3,	0xEFBE83,	//	テ
845,	0x91D4,	0xC2D6,	0xE6858B,	//	態
845,	0x84AC,	0xA8AE,	0xE2948F,	//	┏
843,	0x83CE,	0xA6D0,	0xCF80,	//	π
842,	0x9266,	0xC3C7,	0xE696AD,	//	断
838,	0x8B85,	0xB5E5,	0xE79083,	//	球
836,	0x8C7C,	0xB7DD,	0xE88AB8,	//	芸
836,	0x8BB5,	0xB6B7,	0xE6B381,	//	況
834,	0x835B,	0xA5BC,	0xE382BC,	//	ゼ
831,	0x83D1,	0xA6D3,	0xCF84,	//	τ
827,	0x9597,	0xC9F7,	0xE9A2A8,	//	風
826,	0x9298,	0xC3F8,	0xE89197,	//	著
825,	0x81A9,	0xA2AB,	0xE28690,	//	←
822,	0x83CA,	0xA6CC,	0xCEBC,	//	μ
815,	0x9360,	0xC5C1,	0xE4BC9D,	//	伝
814,	0x8147,	0xA1A8,	0xEFBC9B,	//	；
814,	0x9688,	0xCBE8,	0xE6AF8E,	//	毎
813,	0x8CA4,	0xB8A6,	0xE7A094,	//	研
810,	0x8B4E,	0xB5AF,	0xE8B5B7,	//	起
808,	0x88E4,	0xB0E6,	0xE4BA95,	//	井
807,	0x8CE4,	0xB8E6,	0xE5BEA1,	//	御
803,	0x8B86,	0xB5E6,	0xE7A9B6,	//	究
800,	0x8EA1,	0xBCA3,	0xE6B2BB,	//	治
793,	0x8DC0,	0xBAC2,	0xE5BAA7,	//	座
790,	0x95DF,	0xCAE1,	0xE68D95,	//	捕
784,	0xB1,	0x8EB1,	0xEFBDB1,	//	ア
784,	0x8EED,	0xBCEF,	0xE7A8AE,	//	種
784,	0x96E9,	0xCCEB,	0xE5A49C,	//	夜
782,	0x9069,	0xBFCA,	0xE980B2,	//	進
778,	0x8278,	0xA3D9,	0xEFBCB9,	//	Ｙ
776,	0x967C,	0xCBDD,	0xE7BFBB,	//	翻
774,	0x9254,	0xC3B5,	0xE68EA2,	//	探
768,	0x94BC,	0xC8BE,	0xE58D8A,	//	半
763,	0x89C8,	0xB2CA,	0xE7A791,	//	科
761,	0x976A,	0xCDCB,	0xE69B9C,	//	曜
758,	0x89CC,	0xB2CE,	0xE6AD8C,	//	歌
757,	0x8BC7,	0xB6C9,	0xE5B180,	//	局
757,	0x95D6,	0xCAD8,	0xE4BEBF,	//	便
757,	0x819D,	0xA1FD,	0xE2978E,	//	◎
755,	0x93EF,	0xC6F1,	0xE99BA3,	//	難
753,	0x8F74,	0xBDD5,	0xE698A5,	//	春
753,	0x94BB,	0xC8BD,	0xE588A4,	//	判
751,	0x8971,	0xB1D2,	0xE8A19B,	//	衛
750,	0x8DB8,	0xBABA,	0xE69FBB,	//	査
749,	0x90BC,	0xC0BE,	0xE8A5BF,	//	西
748,	0x976D,	0xCDCE,	0xE6B48B,	//	洋
748,	0x9576,	0xC9D7,	0xE5A4AB,	//	夫
747,	0x8D7E,	0xB9DF,	0xE9998D,	//	降
747,	0x8A51,	0xB3B2,	0xE5AEB3,	//	害
745,	0xCE,	0x8ECE,	0xEFBE8E,	//	ホ
743,	0x81BC,	0xA2BE,	0xE28A82,	//	⊂
742,	0x89D4,	0xB2D6,	0xE88AB1,	//	花
741,	0x91A4,	0xC2A6,	0xE581B4,	//	側
740,	0xBB,	0x8EBB,	0xEFBDBB,	//	サ
737,	0x9041,	0xBFA2,	0xE6A48D,	//	植
736,	0x82D5,	0xA4D7,	0xE381B7,	//	ぷ
732,	0x90AD,	0xC0AF,	0xE694BF,	//	政
732,	0x8C92,	0xB7F2,	0xE581A5,	//	健
729,	0x8F41,	0xBDA2,	0xE5B0B1,	//	就
727,	0xB3,	0x8EB3,	0xEFBDB3,	//	ウ
727,	0x9058,	0xBFB9,	0xE6A3AE,	//	森
724,	0x91A2,	0xC2A4,	0xE980A0,	//	造
722,	0x8CAF,	0xB8B1,	0xE999BA,	//	険
720,	0xA1,	0x8EA1,	0xEFBDA1,	//	。
720,	0x8FBC,	0xBEBE,	0xE69DBE,	//	松
718,	0x91AB,	0xC2AD,	0xE8B6B3,	//	足
718,	0x8B81,	0xB5E1,	0xE6B182,	//	求
717,	0x9744,	0xCDA5,	0xE584AA,	//	優
716,	0x96BD,	0xCCBF,	0xE591BD,	//	命
713,	0x8EAF,	0xBCB1,	0xE8AD98,	//	識
713,	0x82E3,	0xA4E5,	0xE38285,	//	ゅ
707,	0xC5,	0x8EC5,	0xEFBE85,	//	ナ
706,	0x8CC3,	0xB8C5,	0xE58FA4,	//	古
705,	0x8B63,	0xB5C4,	0xE8ADB0,	//	議
704,	0x8E91,	0xBBF1,	0xE8B387,	//	資
702,	0x8DB6,	0xBAB8,	0xE5B7A6,	//	左
702,	0x9263,	0xC3C4,	0xE59BA3,	//	団
700,	0x9372,	0xC5D3,	0xE98094,	//	途
700,	0x8DAA,	0xBAAC,	0xE6A0B9,	//	根
696,	0x939A,	0xC5FA,	0xE7AD94,	//	答
695,	0x81AC,	0xA2AE,	0xE38093,	//	〓
693,	0x828F,	0xA3EF,	0xEFBD8F,	//	ｏ
692,	0x947B,	0xC7DC,	0xE5808D,	//	倍
689,	0x817B,	0xA1DC,	0xEFBC8B,	//	＋
689,	0x895E,	0xB1BF,	0xE9818B,	//	運
688,	0x8D55,	0xB9B6,	0xE694BB,	//	攻
687,	0x94BD,	0xC8BF,	0xE58F8D,	//	反
686,	0x8B71,	0xB5D2,	0xE5AEA2,	//	客
682,	0x8AA7,	0xB4A9,	0xE5888A,	//	刊
680,	0x8BB4,	0xB6B6,	0xE6A98B,	//	橋
678,	0x81DF,	0xA2E1,	0xE289A1,	//	≡
676,	0x977E,	0xCDDF,	0xE6ACB2,	//	欲
675,	0x96AF,	0xCCB1,	0xE6B091,	//	民
673,	0x924E,	0xC3AF,	0xE8AAB0,	//	誰
672,	0xC1,	0x8EC1,	0xEFBE81,	//	チ
670,	0x9242,	0xC3A3,	0xE98194,	//	達
668,	0x88CD,	0xB0CF,	0xE59BB2,	//	囲
667,	0x8F71,	0xBDD2,	0xE8BFB0,	//	述
667,	0x8C78,	0xB7D9,	0xE8ADA6,	//	警
667,	0x8E45,	0xBBA6,	0xE6AEBA,	//	殺
666,	0x8A46,	0xB3A7,	0xE79A86,	//	皆
665,	0x8ACF,	0xB4D1,	0xE8A6B3,	//	観
665,	0x8A6F,	0xB3D0,	0xE8A69A,	//	覚
664,	0xB9,	0x8EB9,	0xEFBDB9,	//	ケ
664,	0x9859,	0xCFBA,	0xE9838E,	//	郎
662,	0x8BA4,	0xB6A6,	0xE585B1,	//	共
660,	0x90E7,	0xC0E9,	0xE58D83,	//	千
654,	0x91BA,	0xC2BC,	0xE69D91,	//	村
654,	0x91C5,	0xC2C7,	0xE68993,	//	打
653,	0x8D75,	0xB9D6,	0xE8AC9B,	//	講
653,	0x90CE,	0xC0D0,	0xE79FB3,	//	石
652,	0x81BD,	0xA2BF,	0xE28A83,	//	⊃
650,	0x8C83,	0xB7E3,	0xE6BF80,	//	激
650,	0x96F0,	0xCCF2,	0xE5BDB9,	//	役
648,	0x83A9,	0xA6AB,	0xCE9B,	//	Λ
646,	0x919D,	0xC1FD,	0xE5A297,	//	増
645,	0x8A70,	0xB3D1,	0xE8A792,	//	角
644,	0x8E63,	0xBBC4,	0xE6AE8B,	//	残
643,	0x92B8,	0xC4BA,	0xE9A082,	//	頂
642,	0x946E,	0xC7CF,	0xE9A6AC,	//	馬
640,	0x89AA,	0xB2AC,	0xE5B2A1,	//	岡
639,	0x8BE6,	0xB6E8,	0xE58CBA,	//	区
636,	0x8EAD,	0xBCAF,	0xE9B9BF,	//	鹿
636,	0x96E5,	0xCCE7,	0xE99680,	//	門
636,	0x8C52,	0xB7B3,	0xE8BB8D,	//	軍
634,	0xAC,	0x8EAC,	0xEFBDAC,	//	ャ
632,	0x90AE,	0xC0B0,	0xE695B4,	//	整
631,	0x9848,	0xCFA9,	0xE8B7AF,	//	路
629,	0x8BD6,	0xB6D8,	0xE7A681,	//	禁
628,	0x9358,	0xC5B9,	0xE5BA97,	//	店
627,	0x92D4,	0xC4D6,	0xE7B6B4,	//	綴
627,	0x8CF0,	0xB8F2,	0xE4BAA4,	//	交
625,	0x8D81,	0xB9E1,	0xE9A699,	//	香
625,	0x8E78,	0xBBD9,	0xE694AF,	//	支
624,	0x91A0,	0xC2A2,	0xE894B5,	//	蔵
623,	0x828C,	0xA3EC,	0xEFBD8C,	//	ｌ
622,	0x8CDF,	0xB8E1,	0xE58D88,	//	午
621,	0x95BA,	0xCABC,	0xE585B5,	//	兵
618,	0x8AD8,	0xB4DA,	0xE99F93,	//	韓
616,	0x8EFC,	0xBCFE,	0xE591A8,	//	周
614,	0x9581,	0xC9E1,	0xE699AE,	//	普
612,	0x8EB8,	0xBCBA,	0xE5A4B1,	//	失
605,	0x9EC0,	0xDCC2,	0xE6A59D,	//	楝
603,	0x91BE,	0xC2C0,	0xE5A4AA,	//	太
601,	0x9065,	0xBFC6,	0xE8A6AA,	//	親
599,	0x97B7,	0xCEB9,	0xE69785,	//	旅
599,	0x8965,	0xB1C6,	0xE5BDB1,	//	影
598,	0x936E,	0xC5CF,	0xE6B8A1,	//	渡
598,	0x959C,	0xC9FC,	0xE5BEA9,	//	復
597,	0x969E,	0xCBFE,	0xE6BA80,	//	満
596,	0x9468,	0xC7C9,	0xE6B4BE,	//	派
596,	0x91E4,	0xC2E6,	0xE58FB0,	//	台
595,	0x8AC4,	0xB4C6,	0xE79BA3,	//	監
593,	0x8B41,	0xB5A2,	0xE5B8B0,	//	帰
593,	0x8963,	0xB1C4,	0xE596B6,	//	営
593,	0x9188,	0xC1E8,	0xE4BA89,	//	争
592,	0x9696,	0xCBF6,	0xE69CAB,	//	末
588,	0x8CA7,	0xB8A9,	0xE79C8C,	//	県
586,	0x96C0,	0xCCC2,	0xE8BFB7,	//	迷
586,	0x89BC,	0xB2BE,	0xE4BBAE,	//	仮
585,	0x94E4,	0xC8E6,	0xE6AF94,	//	比
585,	0x8AE9,	0xB4EB,	0xE4BC81,	//	企
581,	0x84A4,	0xA8A6,	0xE29494,	//	└
580,	0x88D7,	0xB0D9,	0xE782BA,	//	為
576,	0x96B1,	0xCCB3,	0xE58B99,	//	務
575,	0x9276,	0xC3D7,	0xE887B4,	//	致
574,	0x8F95,	0xBDF5,	0xE58AA9,	//	助
573,	0xD3,	0x8ED3,	0xEFBE93,	//	モ
573,	0x955D,	0xC9BE,	0xE8A995,	//	評
572,	0xCD,	0x8ECD,	0xEFBE8D,	//	ヘ
572,	0x95E5,	0xCAE7,	0xE58B9F,	//	募
570,	0x814F,	0xA1B0,	0xEFBCBE,	//	＾
569,	0x89FC,	0xB2FE,	0xE694B9,	//	改
567,	0x8E8B,	0xBBEB,	0xE8A696,	//	視
565,	0x8B7B,	0xB5DC,	0xE5AEAE,	//	宮
561,	0x93CB,	0xC6CD,	0xE7AA81,	//	突
561,	0x90E9,	0xC0EB,	0xE5AEA3,	//	宣
559,	0x9866,	0xCFC7,	0xE68391,	//	惑
558,	0x8196,	0xA1F6,	0xEFBC8A,	//	＊
558,	0x959F,	0xCAA1,	0xE7A68F,	//	福
557,	0x95A1,	0xCAA3,	0xE8A487,	//	複
555,	0x91AE,	0xC2B0,	0xE5B19E,	//	属
553,	0x8B96,	0xB5F6,	0xE8A8B1,	//	許
550,	0x9746,	0xCDA7,	0xE58F8B,	//	友
546,	0x8DE3,	0xBAE5,	0xE998AA,	//	阪
542,	0x8265,	0xA3C6,	0xEFBCA6,	//	Ｆ
541,	0x8CEC,	0xB8EE,	0xE8ADB7,	//	護
538,	0x82A1,	0xA4A3,	0xE38183,	//	ぃ
537,	0x98B8,	0xD0BA,	0xE4BB8E,	//	从
533,	0x897A,	0xB1DB,	0xE8B68A,	//	越
532,	0x8D4E,	0xB9AF,	0xE5BAB7,	//	康
531,	0x949A,	0xC7FA,	0xE78886,	//	爆
526,	0x88B5,	0xB0B7,	0xE689B1,	//	扱
525,	0x84AF,	0xA8B1,	0xE29497,	//	┗
522,	0x82C0,	0xA4C2,	0xE381A2,	//	ぢ
521,	0x8DF4,	0xBAF6,	0xE7AD96,	//	策
520,	0x8266,	0xA3C7,	0xEFBCA7,	//	Ｇ
520,	0x8B7D,	0xB5DE,	0xE680A5,	//	急
519,	0x95E0,	0xCAE2,	0xE6ADA9,	//	歩
518,	0xD4,	0x8ED4,	0xEFBE94,	//	ヤ
516,	0x94CA,	0xC8CC,	0xE888AC,	//	般
516,	0x8B5E,	0xB5BF,	0xE79691,	//	疑
516,	0x84A6,	0xA8A8,	0xE294AC,	//	┬
515,	0x8F83,	0xBDE3,	0xE7B494,	//	純
514,	0x84AD,	0xA8AF,	0xE29493,	//	┓
512,	0x8D4B,	0xB9AC,	0xE5B9B8,	//	幸
511,	0x8B49,	0xB5AA,	0xE7B480,	//	紀
510,	0x8BEF,	0xB6F1,	0xE585B7,	//	具
509,	0x8CEB,	0xB8ED,	0xE8AAA4,	//	誤
508,	0x82C3,	0xA4C5,	0xE381A5,	//	づ
507,	0x905B,	0xBFBC,	0xE6B7B1,	//	深
506,	0x978A,	0xCDEA,	0xE9A0BC,	//	頼
506,	0x8AF3,	0xB4F5,	0xE5B88C,	//	希
505,	0x94DE,	0xC8E0,	0xE5BDBC,	//	彼
504,	0x8277,	0xA3D8,	0xEFBCB8,	//	Ｘ
504,	0x94F5,	0xC8F7,	0xE58299,	//	備
504,	0x81BE,	0xA2C0,	0xE288AA,	//	∪
503,	0x8FE1,	0xBEE3,	0xE99A9C,	//	障
502,	0xCB,	0x8ECB,	0xEFBE8B,	//	ヒ
502,	0x8FAB,	0xBEAD,	0xE5B086,	//	将
500,	0x8BC8,	0xB6CA,	0xE69BB2,	//	曲
499,	0x97FB,	0xCEFD,	0xE7B7B4,	//	練
499,	0x8F5C,	0xBDBD,	0xE58D81,	//	十
498,	0xDC,	0x8EDC,	0xEFBE9C,	//	ワ
497,	0x8BC9,	0xB6CB,	0xE6A5B5,	//	極
496,	0x93B1,	0xC6B3,	0xE5B08E,	//	導
495,	0x9456,	0xC7B7,	0xE4B98B,	//	之
495,	0x8164,	0xA1C5,	0xE280A5,	//	‥
494,	0x93CD,	0xC6CF,	0xE5B18A,	//	届
493,	0x8EE7,	0xBCE9,	0xE5AE88,	//	守
490,	0x8A47,	0xB3A8,	0xE7B5B5,	//	絵
489,	0x9272,	0xC3D3,	0xE6B1A0,	//	池
489,	0x9443,	0xC7A4,	0xE4BBBB,	//	任
488,	0x924A,	0xC3AB,	0xE8B0B7,	//	谷
487,	0x9668,	0xCBC9,	0xE998B2,	//	防
485,	0x90D4,	0xC0D6,	0xE8B5A4,	//	赤
483,	0x93C2,	0xC6C4,	0xE79DA3,	//	督
482,	0x8EE3,	0xBCE5,	0xE5BCB1,	//	弱
480,	0x8285,	0xA3E5,	0xEFBD85,	//	ｅ
480,	0x8FDC,	0xBEDE,	0xE8B39E,	//	賞
479,	0x8980,	0xB1E0,	0xE59C92,	//	園
477,	0x9467,	0xC7C8,	0xE6B3A2,	//	波
475,	0x94E9,	0xC8EB,	0xE7A798,	//	秘
475,	0x975E,	0xCDBF,	0xE4B88E,	//	与
474,	0xD2,	0x8ED2,	0xEFBE92,	//	メ
474,	0x8EFB,	0xBCFD,	0xE58F8E,	//	収
474,	0x8A84,	0xB3E4,	0xE589B2,	//	割
473,	0xDB,	0x8EDB,	0xEFBE9B,	//	ロ
472,	0xA8,	0x8EA8,	0xEFBDA8,	//	ィ
471,	0x8289,	0xA3E9,	0xEFBD89,	//	ｉ
470,	0x8C4E,	0xB7AF,	0xE5909B,	//	君
469,	0x92F6,	0xC4F8,	0xE7A88B,	//	程
468,	0x9353,	0xC5B4,	0xE98984,	//	鉄
468,	0x8FC4,	0xBEC6,	0xE784BC,	//	焼
467,	0x9269,	0xC3CA,	0xE6AEB5,	//	段
465,	0x88D9,	0xB0DB,	0xE795B0,	//	異
460,	0x814B,	0xA1AC,	0xE3829C,	//	゜
458,	0x966C,	0xCBCD,	0xE58395,	//	僕
457,	0x8D5D,	0xB9BE,	0xE6B19F,	//	江
455,	0x9283,	0xC3E3,	0xE88CB6,	//	茶
455,	0x8DE8,	0xBAEA,	0xE5B48E,	//	崎
455,	0x8E6A,	0xBBCB,	0xE58FB2,	//	史
455,	0x82A3,	0xA4A5,	0xE38185,	//	ぅ
454,	0x84A8,	0xA8AA,	0xE294B4,	//	┴
452,	0x94CC,	0xC8CE,	0xE8B2A9,	//	販
451,	0x94EF,	0xC8F1,	0xE8B2BB,	//	費
448,	0x9982,	0xD1E2,	0xE587BE,	//	凾
447,	0x94F2,	0xC8F4,	0xE9A39B,	//	飛
447,	0x90E2,	0xC0E4,	0xE7B5B6,	//	絶
447,	0x8C67,	0xB7C8,	0xE690BA,	//	携
446,	0x9590,	0xC9F0,	0xE6ADA6,	//	武
442,	0x8977,	0xB1D8,	0xE9A785,	//	駅
441,	0x95D3,	0xCAD5,	0xE8BEBA,	//	辺
441,	0x8E86,	0xBBE6,	0xE7B499,	//	紙
440,	0x914E,	0xC1AF,	0xE9AEAE,	//	鮮
440,	0x93C6,	0xC6C8,	0xE78BAC,	//	独
439,	0x8D95,	0xB9F5,	0xE9BB92,	//	黒
438,	0x94F0,	0xC8F2,	0xE981BF,	//	避
437,	0x8F48,	0xBDA9,	0xE7A78B,	//	秋
437,	0x8FE9,	0xBEEB,	0xE59F8E,	//	城
436,	0xC2,	0x8EC2,	0xEFBE82,	//	ツ
436,	0x8B76,	0xB5D7,	0xE4B985,	//	久
435,	0x97CC,	0xCECE,	0xE9A098,	//	領
434,	0xD6,	0x8ED6,	0xEFBE96,	//	ヨ
434,	0x8D8F,	0xB9EF,	0xE588BB,	//	刻
434,	0x8171,	0xA1D2,	0xE38088,	//	〈
433,	0x9357,	0xC5B8,	0xE5B195,	//	展
432,	0x8EE1,	0xBCE3,	0xE88BA5,	//	若
431,	0x8C79,	0xB7DA,	0xE8BBBD,	//	軽
431,	0x89A1,	0xB2A3,	0xE6A8AA,	//	横
431,	0x8AF9,	0xB4FB,	0xE697A2,	//	既
429,	0x93EC,	0xC6EE,	0xE58D97,	//	南
428,	0x8FB3,	0xBEB5,	0xE689BF,	//	承
425,	0x8CCB,	0xB8CD,	0xE688B8,	//	戸
425,	0x957A,	0xC9DB,	0xE5B883,	//	布
424,	0x8281,	0xA3E1,	0xEFBD81,	//	ａ
424,	0x9852,	0xCFB3,	0xE6BC8F,	//	漏
424,	0x937A,	0xC5DB,	0xE5A5B4,	//	奴
424,	0x8BA6,	0xB6A8,	0xE58D94,	//	協
423,	0x8292,	0xA3F2,	0xEFBD92,	//	ｒ
423,	0x8FCC,	0xBECE,	0xE7A7B0,	//	称
420,	0x8BBB,	0xB6BD,	0xE88888,	//	興
419,	0x8987,	0xB1E7,	0xE68FB4,	//	援
415,	0x8F61,	0xBDC2,	0xE6B88B,	//	渋
414,	0x8AE7,	0xB4E9,	0xE9A194,	//	顔
414,	0x8BBF,	0xB6C1,	0xE99FBF,	//	響
414,	0x9659,	0xCBBA,	0xE5BF98,	//	忘
412,	0x8D63,	0xB9C4,	0xE79A87,	//	皇
412,	0x81E6,	0xA2E8,	0xE288B5,	//	∵
409,	0x92AC,	0xC4AE,	0xE794BA,	//	町
409,	0x93DE,	0xC6E0,	0xE5A588,	//	奈
409,	0x937C,	0xC5DD,	0xE58092,	//	倒
407,	0x8B74,	0xB5D5,	0xE98086,	//	逆
407,	0x8BEA,	0xB6EC,	0xE88BA6,	//	苦
407,	0x84A5,	0xA8A7,	0xE2949C,	//	├
406,	0x9589,	0xC9E9,	0xE8B2A0,	//	負
406,	0x8945,	0xB1A6,	0xE58FB3,	//	右
403,	0x8E8F,	0xBBEF,	0xE8AA8C,	//	誌
402,	0x8C70,	0xB7D1,	0xE7B699,	//	継
400,	0x945B,	0xC7BC,	0xE7B48D,	//	納
399,	0x8FE4,	0xBEE6,	0xE4B888,	//	丈
398,	0x8AED,	0xB4EF,	0xE599A8,	//	器
396,	0x8EF1,	0xBCF3,	0xE9A696,	//	首
396,	0x90B8,	0xC0BA,	0xE7B2BE,	//	精
393,	0x97F0,	0xCEF2,	0xE6ADB4,	//	歴
393,	0x8DDE,	0xBAE0,	0xE69D90,	//	材
393,	0x92E2,	0xC4E4,	0xE5819C,	//	停
392,	0x95E2,	0xCAE4,	0xE8A39C,	//	補
392,	0x8C80,	0xB7E0,	0xE58A87,	//	劇
392,	0x9660,	0xCBC1,	0xE58692,	//	冒
390,	0xB4,	0x8EB4,	0xEFBDB4,	//	エ
389,	0x91E0,	0xC2E2,	0xE99A8A,	//	隊
388,	0x95D7,	0xCAD9,	0xE58B89,	//	勉
387,	0x97A0,	0xCEA2,	0xE8A38F,	//	裏
386,	0x84A1,	0xA8A3,	0xE2948C,	//	┌
385,	0x8DC3,	0xBAC5,	0xE582AC,	//	催
385,	0x98A4,	0xD0A6,	0xE4B8B6,	//	丶
384,	0x89E4,	0xB2E6,	0xE68891,	//	我
383,	0x83D6,	0xA6D8,	0xCF89,	//	ω
382,	0x95A0,	0xCAA2,	0xE885B9,	//	腹
382,	0x95EA,	0xCAEC,	0xE6AF8D,	//	母
381,	0x8CB8,	0xB8BA,	0xE6B89B,	//	減
381,	0x8E99,	0xBBF9,	0xE58590,	//	児
381,	0x8172,	0xA1D3,	0xE38089,	//	〉
379,	0x97A6,	0xCEA8,	0xE78E87,	//	率
378,	0x81CA,	0xA2CC,	0xEFBFA2,	//	¬
378,	0x8394,	0xA5F4,	0xE383B4,	//	ヴ
377,	0x91A8,	0xC2AA,	0xE68D89,	//	捉
376,	0x91CA,	0xC2CC,	0xE9A784,	//	駄
374,	0x82A7,	0xA4A9,	0xE38189,	//	ぉ
374,	0x81C9,	0xA2CB,	0xE288A8,	//	∨
373,	0x92E1,	0xC4E3,	0xE4BD8E,	//	低
372,	0x89CD,	0xB2CF,	0xE6B2B3,	//	河
372,	0x8DFC,	0xBAFE,	0xE588B7,	//	刷
370,	0x91B0,	0xC2B2,	0xE6978F,	//	族
369,	0x925A,	0xC3BB,	0xE79FAD,	//	短
368,	0x96A7,	0xCCA9,	0xE5AF86,	//	密
368,	0x88B6,	0xB0B8,	0xE5AE9B,	//	宛
367,	0x9278,	0xC3D9,	0xE98185,	//	遅
367,	0x9245,	0xC3A6,	0xE884B1,	//	脱
367,	0x82D2,	0xA4D4,	0xE381B4,	//	ぴ
366,	0xAB,	0x8EAB,	0xEFBDAB,	//	ォ
365,	0x8DA2,	0xBAA4,	0xE59BB0,	//	困
362,	0x8D72,	0xB9D3,	0xE88D92,	//	荒
361,	0x97D1,	0xCED3,	0xE69E97,	//	林
360,	0x8E55,	0xBBB6,	0xE695A3,	//	散
360,	0x8DB2,	0xBAB4,	0xE4BD90,	//	佐
359,	0x8B93,	0xB5F3,	0xE68C99,	//	挙
357,	0x8E69,	0xBBCA,	0xE58FB8,	//	司
356,	0x8F42,	0xBDA3,	0xE5B79E,	//	州
356,	0x8174,	0xA1D5,	0xE3808B,	//	》
355,	0x9347,	0xC5A8,	0xE695B5,	//	敵
355,	0x9084,	0xBFE4,	0xE68EA8,	//	推
354,	0x8EF7,	0xBCF9,	0xE6A8B9,	//	樹
354,	0x8A67,	0xB3C8,	0xE68BA1,	//	拡
353,	0x94AB,	0xC8AD,	0xE989A2,	//	鉢
353,	0x8984,	0xB1E4,	0xE5BBB6,	//	延
352,	0x9562,	0xC9C3,	0xE7A792,	//	秒
352,	0x8188,	0xA1E8,	0xE288B4,	//	∴
351,	0x96D1,	0xCCD3,	0xE6AF9B,	//	毛
351,	0x96CD,	0xCCCF,	0xE6A8A1,	//	模
350,	0x818F,	0xA1EF,	0xEFBFA5,	//	¥
348,	0x8E40,	0xBBA1,	0xE5AF9F,	//	察
348,	0x934E,	0xC5AF,	0xE593B2,	//	哲
347,	0xAD,	0x8EAD,	0xEFBDAD,	//	ュ
347,	0x90D3,	0xC0D5,	0xE8B2AC,	//	責
347,	0x8FCD,	0xBECF,	0xE7ABA0,	//	章
347,	0x975D,	0xCDBE,	0xE4BD99,	//	余
346,	0x89C4,	0xB2C6,	0xE5A48F,	//	夏
346,	0x97BC,	0xCEBE,	0xE4B8A1,	//	両
344,	0x97A3,	0xCEA5,	0xE99BA2,	//	離
344,	0x81AA,	0xA2AC,	0xE28691,	//	↑
343,	0x8DF0,	0xBAF2,	0xE698A8,	//	昨
342,	0x90C2,	0xC0C4,	0xE99D92,	//	青
342,	0x90E1,	0xC0E3,	0xE99BAA,	//	雪
341,	0x9682,	0xCBE2,	0xE9AD94,	//	魔
341,	0x90C3,	0xC0C5,	0xE99D99,	//	静
340,	0x8BCA,	0xB6CC,	0xE78E89,	//	玉
340,	0x9653,	0xCBB4,	0xE4BAA1,	//	亡
340,	0x8CDD,	0xB8DF,	0xE4BA92,	//	互
339,	0x8474,	0xA7D5,	0xD0B4,	//	д
337,	0x8B78,	0xB5D9,	0xE4BC91,	//	休
334,	0x8B8F,	0xB5EF,	0xE5B185,	//	居
333,	0x8288,	0xA3E8,	0xEFBD88,	//	ｈ
333,	0x816E,	0xA1CF,	0xEFBCBD,	//	］
333,	0x88F6,	0xB0F8,	0xE59BA0,	//	因
332,	0x93A6,	0xC6A8,	0xE98083,	//	逃
332,	0x9345,	0xC5A6,	0xE69198,	//	摘
332,	0x8C5A,	0xB7BB,	0xE58584,	//	兄
329,	0x918B,	0xC1EB,	0xE7AA93,	//	窓
327,	0x816D,	0xA1CE,	0xEFBCBB,	//	［
327,	0x8CCC,	0xB8CE,	0xE69585,	//	故
325,	0x8293,	0xA3F3,	0xEFBD93,	//	ｓ
325,	0x8A7A,	0xB3DB,	0xE9A18D,	//	額
324,	0x91DF,	0xC2E1,	0xE980AE,	//	逮
324,	0x9647,	0xCBA8,	0xE8908C,	//	萌
324,	0x8AEB,	0xB4ED,	0xE58DB1,	//	危
323,	0x8DE2,	0xBAE4,	0xE59D82,	//	坂
322,	0x93B6,	0xC6B8,	0xE7ABA5,	//	童
321,	0xAE,	0x8EAE,	0xEFBDAE,	//	ョ
321,	0x8942,	0xB1A3,	0xE99AA0,	//	隠
321,	0x8E7B,	0xBBDC,	0xE696BD,	//	施
321,	0x96BA,	0xCCBC,	0xE5A898,	//	娘
320,	0x97E7,	0xCEE9,	0xE7A4BC,	//	礼
320,	0x8B90,	0xB5F0,	0xE5B7A8,	//	巨
319,	0x97A2,	0xCEA4,	0xE9878C,	//	里
319,	0x94F6,	0xC8F8,	0xE5B0BE,	//	尾
317,	0xBE,	0x8EBE,	0xEFBDBE,	//	セ
317,	0x8294,	0xA3F4,	0xEFBD94,	//	ｔ
316,	0x92C3,	0xC4C5,	0xE6B4A5,	//	津
316,	0x8A54,	0xB3B5,	0xE6A682,	//	概
315,	0x90F2,	0xC0F4,	0xE6B389,	//	泉
315,	0x88E3,	0xB0E5,	0xE58CBB,	//	医
314,	0x9756,	0xCDB7,	0xE9818A,	//	遊
314,	0x9473,	0xC7D4,	0xE69597,	//	敗
314,	0x8C99,	0xB7F9,	0xE5AB8C,	//	嫌
313,	0xD1,	0x8ED1,	0xEFBE91,	//	ム
313,	0x92E9,	0xC4EB,	0xE5B89D,	//	帝
312,	0x828E,	0xA3EE,	0xEFBD8E,	//	ｎ
312,	0x946A,	0xC7CB,	0xE7A0B4,	//	破
312,	0x89F5,	0xB2F7,	0xE5BFAB,	//	快
311,	0xC7,	0x8EC7,	0xEFBE87,	//	ヌ
311,	0x8F8F,	0xBDEF,	0xE7B792,	//	緒
310,	0x956C,	0xC9CD,	0xE6B59C,	//	浜
309,	0x8E97,	0xBBF7,	0xE4BCBC,	//	似
308,	0x90C5,	0xC0C7,	0xE7A88E,	//	税
308,	0x91F2,	0xC2F4,	0xE6B2A2,	//	沢
307,	0xA9,	0x8EA9,	0xEFBDA9,	//	ゥ
307,	0x959D,	0xC9FD,	0xE5B985,	//	幅
305,	0x92A0,	0xC4A2,	0xE5B8B3,	//	帳
304,	0x8B4D,	0xB5AE,	0xE8B2B4,	//	貴
303,	0x89B7,	0xB2B9,	0xE6B8A9,	//	温
303,	0x81DE,	0xA2E0,	0xE28887,	//	∇
302,	0x8283,	0xA3E3,	0xEFBD83,	//	ｃ
302,	0x9754,	0xCDB5,	0xE8A395,	//	裕
300,	0x8B79,	0xB5DA,	0xE58F8A,	//	及
299,	0x925B,	0xC3BC,	0xE7ABAF,	//	端
298,	0x8CA2,	0xB8A4,	0xE78AAC,	//	犬
298,	0x8AB2,	0xB4B4,	0xE5B9B9,	//	幹
295,	0x8946,	0xB1A7,	0xE5AE87,	//	宇
294,	0x959E,	0xC9FE,	0xE69C8D,	//	服
292,	0x88F9,	0xB0FB,	0xE9A3B2,	//	飲
292,	0x8DDF,	0xBAE1,	0xE7BDAA,	//	罪
292,	0x88D5,	0xB0D7,	0xE69893,	//	易
291,	0x97E9,	0xCEEB,	0xE988B4,	//	鈴
288,	0x8DA0,	0xBAA2,	0xE9A083,	//	頃
288,	0x90DF,	0xC0E1,	0xE7AF80,	//	節
288,	0x8DAC,	0xBAAE,	0xE6B7B7,	//	混
288,	0x8CB5,	0xB8B7,	0xE58EB3,	//	厳
288,	0x9171,	0xC1D2,	0xE58089,	//	倉
286,	0x92CB,	0xC4CD,	0xE5A19A,	//	塚
285,	0x8AF1,	0xB4F3,	0xE5AF84,	//	寄
284,	0x84A2,	0xA8A4,	0xE29490,	//	┐
283,	0x8AAF,	0xB4B1,	0xE5AE98,	//	官
282,	0x9578,	0xC9D9,	0xE5AF8C,	//	富
281,	0x95BE,	0xCAC0,	0xE5BC8A,	//	弊
280,	0x8940,	0xB1A1,	0xE999A2,	//	院
280,	0x8A72,	0xB3D3,	0xE8BC83,	//	較
280,	0x94CD,	0xC8CF,	0xE7AF84,	//	範
280,	0x9253,	0xC3B4,	0xE68B85,	//	担
279,	0x97AF,	0xCEB1,	0xE79599,	//	留
279,	0x965B,	0xCBBC,	0xE688BF,	//	房
279,	0x9265,	0xC3C6,	0xE5BCBE,	//	弾
279,	0x9288,	0xC3E8,	0xE5AE99,	//	宙
279,	0x88CF,	0xB0D1,	0xE5A794,	//	委
278,	0x91DE,	0xC2E0,	0xE98080,	//	退
278,	0x9591,	0xC9F1,	0xE8889E,	//	舞
278,	0x9561,	0xC9C2,	0xE79785,	//	病
278,	0x944C,	0xC7AD,	0xE78CAB,	//	猫
277,	0x8EF6,	0xBCF8,	0xE68E88,	//	授
276,	0xA2,	0x8EA2,	0xEFBDA2,	//	「
276,	0x928E,	0xC3EE,	0xE899AB,	//	虫
276,	0x9790,	0xCDF0,	0xE4B9B1,	//	乱
275,	0x90E8,	0xC0EA,	0xE58DA0,	//	占
274,	0xC8,	0x8EC8,	0xEFBE88,	//	ネ
274,	0x8299,	0xA3F9,	0xEFBD99,	//	ｙ
274,	0x944D,	0xC7AE,	0xE786B1,	//	熱
274,	0x96AD,	0xCCAF,	0xE5A699,	//	妙
274,	0x814A,	0xA1AB,	0xE3829B,	//	゛
272,	0x8ED7,	0xBCD9,	0xE982AA,	//	邪
272,	0x8993,	0xB1F3,	0xE981A0,	//	遠
271,	0x9560,	0xC9C1,	0xE68F8F,	//	描
270,	0x8BA3,	0xB6A5,	0xE7ABB6,	//	競
270,	0x9287,	0xC3E7,	0xE4BBB2,	//	仲
269,	0x90CC,	0xC0CE,	0xE69894,	//	昔
269,	0x917D,	0xC1DE,	0xE68CBF,	//	挿
269,	0x89F3,	0xB2F5,	0xE5A38A,	//	壊
268,	0x90C6,	0xC0C8,	0xE88486,	//	脆
268,	0x8FC7,	0xBEC9,	0xE79787,	//	症
267,	0x90C8,	0xC0CA,	0xE5B8AD,	//	席
267,	0x8BE5,	0xB6E7,	0xE58FA5,	//	句
266,	0x9196,	0xC1F6,	0xE8B5B0,	//	走
266,	0x8ABF,	0xB4C1,	0xE6BCA2,	//	漢
266,	0x8392,	0xA5F2,	0xE383B2,	//	ヲ
265,	0x81CB,	0xA2CD,	0xE28792,	//	⇒
264,	0x8194,	0xA1F4,	0xEFBC83,	//	＃
264,	0x8ADB,	0xB4DD,	0xE4B8B8,	//	丸
262,	0x8C69,	0xB7CA,	0xE699AF,	//	景
262,	0x8CC5,	0xB8C7,	0xE59BBA,	//	固
260,	0x828D,	0xA3ED,	0xEFBD8D,	//	ｍ
259,	0x9055,	0xBFB6,	0xE68CAF,	//	振
259,	0x94AA,	0xC8AC,	0xE585AB,	//	八
258,	0x8CC9,	0xB8CB,	0xE5BAAB,	//	庫
257,	0x8B92,	0xB5F2,	0xE68BA0,	//	拠
257,	0x9366,	0xC5C7,	0xE59090,	//	吐
257,	0x8155,	0xA1B6,	0xE3829E,	//	ゞ
256,	0x9793,	0xCDF3,	0xE6AC84,	//	欄
256,	0x92A5,	0xC4A7,	0xE5BEB4,	//	徴
254,	0x927A,	0xC3DB,	0xE7AF89,	//	築
254,	0x9583,	0xC9E3,	0xE788B6,	//	父
253,	0x8193,	0xA1F3,	0xEFBC85,	//	％
253,	0x8974,	0xB1D5,	0xE6B6B2,	//	液
253,	0x904C,	0xBFAD,	0xE4BCB8,	//	伸
251,	0x93BF,	0xC6C1,	0xE5BEB3,	//	徳
251,	0x8AEC,	0xB4EE,	0xE5969C,	//	喜
251,	0x836B,	0xA5CC,	0xE3838C,	//	ヌ
250,	0x9459,	0xC7BA,	0xE682A9,	//	悩
250,	0x96B2,	0xCCB4,	0xE5A4A2,	//	夢
249,	0x92EA,	0xC4EC,	0xE5BA95,	//	底
249,	0x90A8,	0xC0AA,	0xE58BA2,	//	勢
248,	0x95D0,	0xCAD2,	0xE78987,	//	片
248,	0x8DA5,	0xBAA7,	0xE5A99A,	//	婚
248,	0x88C9,	0xB0CB,	0xE4BC8A,	//	伊
248,	0x84A3,	0xA8A5,	0xE29498,	//	┘
247,	0x92DE,	0xC4E0,	0xE987A3,	//	釣
247,	0x8AE2,	0xB4E4,	0xE5B2A9,	//	岩
247,	0x9051,	0xBFB2,	0xE5AF9D,	//	寝
246,	0x8B67,	0xB5C8,	0xE59089,	//	吉
245,	0x88E2,	0xB0E4,	0xE981BA,	//	遺
245,	0x8B89,	0xB5E9,	0xE7B49A,	//	級
245,	0x91A7,	0xC2A9,	0xE681AF,	//	息
244,	0x9553,	0xC9B4,	0xE799BE,	//	百
244,	0x907E,	0xBFDF,	0xE58EA8,	//	厨
242,	0x8296,	0xA3F6,	0xEFBD96,	//	ｖ
242,	0x8C51,	0xB7B2,	0xE7BEA4,	//	群
242,	0x90CF,	0xC0D1,	0xE7A98D,	//	積
242,	0x965C,	0xCBBD,	0xE69AB4,	//	暴
241,	0x90D5,	0xC0D7,	0xE8B7A1,	//	跡
241,	0x92AE,	0xC4B0,	0xE881B4,	//	聴
241,	0x94C6,	0xC8C8,	0xE78AAF,	//	犯
240,	0x8BD9,	0xB6DB,	0xE7B78A,	//	緊
240,	0x8F68,	0xBDC9,	0xE5AEBF,	//	宿
240,	0x8C5F,	0xB7C0,	0xE5A591,	//	契
239,	0x90C0,	0xC0C2,	0xE9809D,	//	逝
239,	0x90B7,	0xC0B9,	0xE79B9B,	//	盛
239,	0x8E6C,	0xBBCD,	0xE59B9B,	//	四
239,	0x8CDC,	0xB8DE,	0xE4BA94,	//	五
238,	0xA6,	0x8EA6,	0xEFBDA6,	//	ヲ
238,	0x9540,	0xC9A1,	0xE9BCBB,	//	鼻
238,	0x945D,	0xC7BE,	0xE884B3,	//	脳
238,	0x92C9,	0xC4CB,	0xE7979B,	//	痛
238,	0x96C6,	0xCCC8,	0xE5858D,	//	免
237,	0x93AC,	0xC6AE,	0xE99798,	//	闘
236,	0x937E,	0xC5DF,	0xE586AC,	//	冬
236,	0x8F9E,	0xBDFE,	0xE5849F,	//	償
235,	0x94F7,	0xC8F9,	0xE5BEAE,	//	微
235,	0x9240,	0xC3A1,	0xE58FA9,	//	叩
234,	0x8ED3,	0xBCD5,	0xE8AC9D,	//	謝
234,	0x90CD,	0xC0CF,	0xE69E90,	//	析
234,	0x96E7,	0xCCE9,	0xE4B99F,	//	也
233,	0x8FFC,	0xBEFE,	0xE9A3BE,	//	飾
233,	0x8EEF,	0xBCF1,	0xE8B6A3,	//	趣
233,	0x9162,	0xC1C3,	0xE7A48E,	//	礎
233,	0x9863,	0xCFC4,	0xE6ADAA,	//	歪
232,	0x8CCD,	0xB8CF,	0xE69EAF,	//	枯
231,	0x96D9,	0xCCDB,	0xE9BB99,	//	黙
231,	0x89D8,	0xB2DA,	0xE88FAF,	//	華
230,	0x8DCC,	0xBACE,	0xE68EA1,	//	採
229,	0x95A5,	0xCAA7,	0xE68995,	//	払
229,	0x97F6,	0xCEF8,	0xE6818B,	//	恋
229,	0x8E9B,	0xBBFB,	0xE5AFBA,	//	寺
229,	0x8344,	0xA5A5,	0xE382A5,	//	ゥ
228,	0x8A58,	0xB3B9,	0xE8A197,	//	街
228,	0x8DD5,	0xBAD7,	0xE7A5AD,	//	祭
227,	0x89A9,	0xB2AB,	0xE9BB84,	//	黄
227,	0x8D60,	0xB9C1,	0xE6B8AF,	//	港
226,	0x9047,	0xBFA8,	0xE8A7A6,	//	触
226,	0x90D0,	0xC0D2,	0xE7B18D,	//	籍
226,	0x94E6,	0xC8E8,	0xE796B2,	//	疲
226,	0x9255,	0xC3B6,	0xE697A6,	//	旦
226,	0x95D9,	0xCADB,	0xE5BC81,	//	弁
225,	0x957B,	0xC9DC,	0xE5BA9C,	//	府
224,	0xA3,	0x8EA3,	0xEFBDA3,	//	」
223,	0x948E,	0xC7EE,	0xE58D9A,	//	博
222,	0x91AA,	0xC2AC,	0xE6B8AC,	//	測
222,	0x8BB0,	0xB6B2,	0xE68190,	//	恐
221,	0x94D1,	0xC8D3,	0xE9A3AF,	//	飯
221,	0x9477,	0xC7D8,	0xE8838C,	//	背
221,	0x8CB9,	0xB8BB,	0xE6BA90,	//	源
221,	0x8396,	0xA5F6,	0xE383B6,	//	ヶ
221,	0x83B0,	0xA6B2,	0xCEA3,	//	Σ
220,	0x89EA,	0xB2EC,	0xE8B380,	//	賀
220,	0x89D7,	0xB2D9,	0xE88DB7,	//	荷
220,	0x969F,	0xCCA1,	0xE6BCAB,	//	漫
220,	0x93AD,	0xC6AF,	0xE5838D,	//	働
218,	0x9759,	0xCDBA,	0xE99B84,	//	雄
218,	0x96C5,	0xCCC7,	0xE6BB85,	//	滅
218,	0x88C3,	0xB0C5,	0xE69A97,	//	暗
217,	0x92B9,	0xC4BB,	0xE9B3A5,	//	鳥
217,	0x935C,	0xC5BD,	0xE8B2BC,	//	貼
217,	0x90F5,	0xC0F7,	0xE69F93,	//	染
217,	0x8AEF,	0xB4F1,	0xE5A587,	//	奇
216,	0x95B2,	0xCAB4,	0xE7B289,	//	粉
216,	0x927C,	0xC3DD,	0xE7ABB9,	//	竹
216,	0x965A,	0xCBBB,	0xE5BF99,	//	忙
216,	0x8156,	0xA1B7,	0xE38083,	//	〃
215,	0x897B,	0xB1DC,	0xE996B2,	//	閲
215,	0x90B4,	0xC0B6,	0xE6B885,	//	清
215,	0x8ECC,	0xBCCE,	0xE68DA8,	//	捨
215,	0x91B2,	0xC2B4,	0xE58D92,	//	卒
215,	0x8C94,	0xB7F4,	0xE588B8,	//	券
214,	0x8290,	0xA3F0,	0xEFBD90,	//	ｐ
214,	0x93B0,	0xC6B2,	0xE5A082,	//	堂
214,	0x984A,	0xCFAB,	0xE58AB4,	//	労
213,	0x9280,	0xC3E0,	0xE98090,	//	逐
212,	0x975B,	0xCDBC,	0xE5A495,	//	夕
211,	0x8FA7,	0xBEA9,	0xE5A5A8,	//	奨
210,	0x8E49,	0xBBAA,	0xE9AF96,	//	鯖
210,	0x8F5D,	0xBDBE,	0xE5BE93,	//	従
210,	0x8AA3,	0xB4A5,	0xE4B9BE,	//	乾
209,	0x9582,	0xC9E2,	0xE6B5AE,	//	浮
209,	0x8AAA,	0xB4AC,	0xE5B7BB,	//	巻
209,	0x8AA6,	0xB4A8,	0xE5AF92,	//	寒
209,	0x95C7,	0xCAC9,	0xE5A381,	//	壁
208,	0x89DB,	0xB2DD,	0xE8AAB2,	//	課
208,	0x9687,	0xCBE7,	0xE69E9A,	//	枚
208,	0x88B3,	0xB0B5,	0xE59CA7,	//	圧
207,	0x928B,	0xC3EB,	0xE698BC,	//	昼
207,	0x81DA,	0xA2DC,	0xE288A0,	//	∠
206,	0x94EC,	0xC8EE,	0xE882A5,	//	肥
206,	0x8C4A,	0xB7AB,	0xE7B9B0,	//	繰
206,	0x92DC,	0xC4DE,	0xE788AA,	//	爪
205,	0x8A7C,	0xB3DD,	0xE68E9B,	//	掛
204,	0x8AE6,	0xB4E8,	0xE9A091,	//	頑
204,	0x968B,	0xCBEB,	0xE5B995,	//	幕
204,	0x9150,	0xC1B1,	0xE59684,	//	善
204,	0x8CF7,	0xB8F9,	0xE58A9F,	//	功
203,	0x835D,	0xA5BE,	0xE382BE,	//	ゾ
202,	0x97DC,	0xCEDE,	0xE6B699,	//	涙
201,	0x9546,	0xC9A7,	0xE5BDA6,	//	彦
200,	0x8287,	0xA3E7,	0xEFBD87,	//	ｇ
200,	0x8E42,	0xBBA3,	0xE692AE,	//	撮
200,	0x8C62,	0xB7C3,	0xE681B5,	//	恵
199,	0x8A4B,	0xB3AC,	0xE99A8E,	//	階
198,	0x8ECE,	0xBCD0,	0xE6969C,	//	斜
198,	0x8E75,	0xBBD6,	0xE5BF97,	//	志
198,	0x8DE7,	0xBAE9,	0xE592B2,	//	咲
197,	0x9452,	0xC7B3,	0xE78783,	//	燃
196,	0x8AB5,	0xB4B7,	0xE685A3,	//	慣
196,	0x91A5,	0xC2A7,	0xE58987,	//	則
196,	0x8B55,	0xB5B6,	0xE581BD,	//	偽
194,	0x8270,	0xA3D1,	0xEFBCB1,	//	Ｑ
194,	0x8B8C,	0xB5EC,	0xE697A7,	//	旧
194,	0x937B,	0xC5DC,	0xE68092,	//	怒
193,	0xAA,	0x8EAA,	0xEFBDAA,	//	ェ
193,	0x8941,	0xB1A2,	0xE999B0,	//	陰
192,	0x9585,	0xC9E5,	0xE88590,	//	腐
192,	0x8DCB,	0xBACD,	0xE6898D,	//	才
191,	0x828B,	0xA3EB,	0xEFBD8B,	//	ｋ
191,	0x93E4,	0xC6E6,	0xE8AC8E,	//	謎
191,	0x8AFB,	0xB4FD,	0xE6A38B,	//	棋
191,	0x92A7,	0xC4A9,	0xE68C91,	//	挑
191,	0x8AA9,	0xB4AB,	0xE58BA7,	//	勧
190,	0x8CE9,	0xB8EB,	0xE7A281,	//	碁
190,	0x9271,	0xC3D2,	0xE699BA,	//	智
190,	0x936B,	0xC5CC,	0xE5BE92,	//	徒
190,	0x9577,	0xC9D8,	0xE5A9A6,	//	婦
189,	0x8295,	0xA3F5,	0xEFBD95,	//	ｕ
189,	0x8EDF,	0xBCE1,	0xE98788,	//	釈
189,	0x94ED,	0xC8EF,	0xE8A2AB,	//	被
189,	0x8EEA,	0xBCEC,	0xE6AE8A,	//	殊
189,	0x8B7E,	0xB5DF,	0xE69591,	//	救
188,	0x9261,	0xC3C2,	0xE8AA95,	//	誕
188,	0x8D69,	0xB9CA,	0xE7B59E,	//	絞
188,	0x8161,	0xA1C2,	0xE288A5,	//	‖
187,	0x8CAE,	0xB8B0,	0xE98DB5,	//	鍵
186,	0x907B,	0xBFDC,	0xE9A088,	//	須
185,	0x8E4E,	0xBBAF,	0xE69992,	//	晒
185,	0x81E2,	0xA2E4,	0xE289AB,	//	≫
185,	0x8166,	0xA1C7,	0xE28099,	//	’
184,	0x9190,	0xC1F0,	0xE88D89,	//	草
184,	0x8E70,	0xBBD1,	0xE5A7BF,	//	姿
183,	0x8BE2,	0xB6E4,	0xE98A80,	//	銀
183,	0x89E8,	0xB2EA,	0xE88ABD,	//	芽
183,	0x8B8B,	0xB5EB,	0xE7B5A6,	//	給
183,	0x8B83,	0xB5E3,	0xE6B3A3,	//	泣
183,	0x81F5,	0xA2F7,	0xE280A0,	//	†
182,	0x964B,	0xCBAC,	0xE8A8AA,	//	訪
182,	0x8ABE,	0xB4C0,	0xE6B197,	//	汗
182,	0x8969,	0xB1CA,	0xE6B0B8,	//	永
182,	0x8B47,	0xB5A8,	0xE5ADA3,	//	季
181,	0x9479,	0xC7DA,	0xE8BCA9,	//	輩
181,	0x90BF,	0xC0C1,	0xE8AB8B,	//	請
181,	0x8DD9,	0xBADB,	0xE8A381,	//	裁
181,	0x93F7,	0xC6F9,	0xE88289,	//	肉
181,	0x8AC3,	0xB4C5,	0xE79498,	//	甘
181,	0x8BE3,	0xB6E5,	0xE4B99D,	//	九
180,	0x8B6C,	0xB5CD,	0xE8A9B0,	//	詰
180,	0x898A,	0xB1EA,	0xE7828E,	//	炎
180,	0x8E7D,	0xBBDE,	0xE69E9D,	//	枝
180,	0x90A5,	0xC0A7,	0xE698AF,	//	是
180,	0x89AF,	0xB2B1,	0xE686B6,	//	憶
179,	0x9359,	0xC5BA,	0xE6B7BB,	//	添
178,	0x8F5B,	0xBDBC,	0xE58585,	//	充
176,	0x8DBD,	0xBABF,	0xE98E96,	//	鎖
176,	0x8F90,	0xBDF0,	0xE7BDB2,	//	署
176,	0x8AA8,	0xB4AA,	0xE58B98,	//	勘
175,	0x9849,	0xCFAA,	0xE99CB2,	//	露
174,	0x8C8C,	0xB7EC,	0xE8A180,	//	血
174,	0x986D,	0xCFCE,	0xE89781,	//	藁
174,	0x9390,	0xC5F0,	0xE79B97,	//	盗
174,	0x8CC8,	0xB8CA,	0xE5B7B1,	//	己
173,	0x919B,	0xC1FB,	0xE9A892,	//	騒
173,	0x8C7D,	0xB7DE,	0xE8BF8E,	//	迎
173,	0x8C9A,	0xB7FA,	0xE5BBBA,	//	建
173,	0x8BCE,	0xB6D0,	0xE58BA4,	//	勤
173,	0x916E,	0xC1CF,	0xE589B5,	//	創
172,	0x9068,	0xBFC9,	0xE8BE9B,	//	辛
172,	0x8F6B,	0xBDCC,	0xE7B8AE,	//	縮
172,	0x8F47,	0xBDA8,	0xE7A780,	//	秀
172,	0x97B6,	0xCEB8,	0xE685AE,	//	慮
172,	0x95F3,	0xCAF5,	0xE5AE9D,	//	宝
172,	0x939E,	0xC5FE,	0xE588B0,	//	到
172,	0x8CF3,	0xB8F5,	0xE58099,	//	候
172,	0x818D,	0xA1ED,	0xE280B3,	//	″
170,	0x954D,	0xC9AE,	0xE7AD86,	//	筆
170,	0x979C,	0xCDFC,	0xE6A2A8,	//	梨
170,	0x91A9,	0xC2AB,	0xE69D9F,	//	束
170,	0x90B0,	0xC0B2,	0xE699B4,	//	晴
170,	0x8ECB,	0xBCCD,	0xE5B084,	//	射
170,	0x8F9D,	0xBDFD,	0xE582B7,	//	傷
170,	0x84A9,	0xA8AB,	0xE294BC,	//	┼
169,	0x9081,	0xBFE1,	0xE590B9,	//	吹
168,	0x92F7,	0xC4F9,	0xE7B7A0,	//	締
168,	0x8F7B,	0xBDDC,	0xE697AC,	//	旬
168,	0x928A,	0xC3EA,	0xE68ABD,	//	抽
168,	0x8F99,	0xBDF9,	0xE5BE90,	//	徐
168,	0x8C59,	0xB7BA,	0xE58891,	//	刑
168,	0x97DF,	0xCEE1,	0xE4BBA4,	//	令
167,	0x88A2,	0xB0A4,	0xE998BF,	//	阿
167,	0x8FB5,	0xBEB7,	0xE68B9B,	//	招
167,	0x8EF5,	0xBCF7,	0xE5AFBF,	//	寿
166,	0x8DCA,	0xBACC,	0xE5BDA9,	//	彩
165,	0x818C,	0xA1EC,	0xE280B2,	//	′
164,	0x8BEC,	0xB6EE,	0xE9A786,	//	駆
164,	0x977B,	0xCDDC,	0xE9A48A,	//	養
164,	0x89A3,	0xB2A5,	0xE6AEB4,	//	殴
164,	0x92ED,	0xC4EF,	0xE5BC9F,	//	弟
164,	0x8D47,	0xB9A8,	0xE5AE8F,	//	宏
163,	0x8284,	0xA3E4,	0xEFBD84,	//	ｄ
163,	0x97D6,	0xCED8,	0xE8BCAA,	//	輪
163,	0x9267,	0xC3C8,	0xE69A96,	//	暖
163,	0x89C9,	0xB2CB,	0xE69A87,	//	暇
162,	0x92DF,	0xC4E1,	0xE9B6B4,	//	鶴
161,	0x8EC2,	0xBCC4,	0xE7AFA0,	//	篠
161,	0x9054,	0xBFB5,	0xE6858E,	//	慎
160,	0x8E8C,	0xBBEC,	0xE8A99E,	//	詞
160,	0x9169,	0xC1CA,	0xE8A8B4,	//	訴
160,	0x957C,	0xC9DD,	0xE68096,	//	怖
159,	0x97C3,	0xCEC5,	0xE79982,	//	療
159,	0x90F4,	0xC0F6,	0xE6B497,	//	洗
159,	0x8968,	0xB1C9,	0xE6A084,	//	栄
159,	0x8DC8,	0xBACA,	0xE5A6BB,	//	妻
158,	0x96F2,	0xCCF4,	0xE896AC,	//	薬
158,	0x938B,	0xC5EB,	0xE690AD,	//	搭
158,	0x94DF,	0xC8E1,	0xE682B2,	//	悲
157,	0x8EF0,	0xBCF2,	0xE98592,	//	酒
157,	0x95B3,	0xCAB5,	0xE7B39E,	//	糞
157,	0x8996,	0xB1F6,	0xE5A1A9,	//	塩
157,	0x81A2,	0xA2A4,	0xE296B3,	//	△
156,	0x9872,	0xCFD3,	0xE88595,	//	腕
156,	0x8D67,	0xB9C8,	0xE7B485,	//	紅
156,	0x97B3,	0xCEB5,	0xE7AB9C,	//	竜
156,	0x8959,	0xB1BA,	0xE6B5A6,	//	浦
155,	0x9758,	0xCDB9,	0xE983B5,	//	郵
155,	0x8F6E,	0xBDCF,	0xE7869F,	//	熟
155,	0x9474,	0xC7D5,	0xE69DAF,	//	杯
155,	0x8DE9,	0xBAEB,	0xE59FBC,	//	埼
154,	0x906A,	0xBFCB,	0xE9879D,	//	針
154,	0x8D8B,	0xB9EB,	0xE8B1AA,	//	豪
154,	0x8CFA,	0xB8FC,	0xE58E9A,	//	厚
153,	0x8286,	0xA3E6,	0xEFBD86,	//	ｆ
153,	0x97A4,	0xCEA6,	0xE999B8,	//	陸
153,	0x9066,	0xBFC7,	0xE8A8BA,	//	診
153,	0x93A2,	0xC6A4,	0xE8A88E,	//	討
153,	0x8A83,	0xB3E3,	0xE6BD9F,	//	潟
153,	0x938D,	0xC5ED,	0xE6A183,	//	桃
153,	0x9685,	0xCBE5,	0xE5A6B9,	//	妹
152,	0x8A76,	0xB3D7,	0xE99DA9,	//	革
152,	0xE3A9,	0xE6AB,	0xE7BDA0,	//	罠
152,	0x9392,	0xC5F2,	0xE6B9AF,	//	湯
152,	0x8F60,	0xBDC1,	0xE6B181,	//	汁
152,	0x90A6,	0xC0A8,	0xE58784,	//	凄
151,	0x9470,	0xC7D1,	0xE5BB83,	//	廃
150,	0x899B,	0xB1FB,	0xE5A4AE,	//	央
149,	0x8FF7,	0xBEF9,	0xE8ADB2,	//	譲
149,	0x8FD5,	0xBED7,	0xE8A19D,	//	衝
149,	0x965E,	0xCBBF,	0xE69F90,	//	某
149,	0x816B,	0xA1CC,	0xE38094,	//	〔
148,	0x93A5,	0xC6A7,	0xE8B88F,	//	踏
148,	0x8AF2,	0xB4F4,	0xE5B290,	//	岐
148,	0x88CC,	0xB0CE,	0xE58189,	//	偉
147,	0x9683,	0xCBE3,	0xE9BABB,	//	麻
147,	0x90BD,	0xC0BF,	0xE8AAA0,	//	誠
147,	0x8A42,	0xB3A3,	0xE6A2B0,	//	械
147,	0x934F,	0xC5B0,	0xE5BEB9,	//	徹
147,	0x9675,	0xCBD6,	0xE58B83,	//	勃
147,	0x959B,	0xC9FB,	0xE589AF,	//	副
147,	0x81E1,	0xA2E3,	0xE289AA,	//	≪
146,	0x9099,	0xBFF9,	0xE69D89,	//	杉
145,	0x9772,	0xCDD3,	0xE7BE8A,	//	羊
145,	0x8E61,	0xBBC2,	0xE696AC,	//	斬
145,	0x8ADD,	0xB4DF,	0xE5B2B8,	//	岸
145,	0x8B7A,	0xB5DB,	0xE590B8,	//	吸
145,	0x8BA9,	0xB6AB,	0xE58FAB,	//	叫
145,	0x81A7,	0xA2A9,	0xE38092,	//	〒
145,	0x8173,	0xA1D4,	0xE3808A,	//	《
144,	0x9044,	0xBFA5,	0xE7B994,	//	織
144,	0x979A,	0xCDFA,	0xE5B1A5,	//	履
144,	0x9684,	0xCBE4,	0xE59F8B,	//	埋
143,	0x8D5F,	0xB9C0,	0xE6B5A9,	//	浩
143,	0x94C4,	0xC8C6,	0xE6B18E,	//	汎
143,	0x90DC,	0xC0DE,	0xE68A98,	//	折
142,	0x8CAD,	0xB8AF,	0xE981A3,	//	遣
142,	0x9088,	0xBFE8,	0xE7B28B,	//	粋
142,	0x8AE1,	0xB4E3,	0xE79CBC,	//	眼
142,	0x89AB,	0xB2AD,	0xE6B296,	//	沖
141,	0x94AF,	0xC8B1,	0xE9ABAA,	//	髪
141,	0x91B9,	0xC2BB,	0xE6908D,	//	損
141,	0x9177,	0xC1D8,	0xE5B1A4,	//	層
141,	0x916F,	0xC1D0,	0xE58F8C,	//	双
141,	0x89AD,	0xB2AF,	0xE58484,	//	億
140,	0x93DF,	0xC6E1,	0xE982A3,	//	那
140,	0x8D62,	0xB9C3,	0xE794B2,	//	甲
140,	0x8F5F,	0xBDC0,	0xE69F94,	//	柔
140,	0x93FB,	0xC6FD,	0xE4B9B3,	//	乳
139,	0x9497,	0xC7F7,	0xE8BFAB,	//	迫
139,	0x8CAA,	0xB8AC,	0xE8AC99,	//	謙
139,	0x97E2,	0xCEE4,	0xE586B7,	//	冷
138,	0x8BC1,	0xB6C3,	0xE9A99A,	//	驚
138,	0x977A,	0xCDDB,	0xE999BD,	//	陽
138,	0x9144,	0xC1A5,	0xE888B9,	//	船
138,	0x8D52,	0xB9B3,	0xE68A97,	//	抗
138,	0x816C,	0xA1CD,	0xE38095,	//	〕
137,	0x95E9,	0xCAEB,	0xE69AAE,	//	暮
136,	0x89EB,	0xB2ED,	0xE99B85,	//	雅
136,	0x8BBE,	0xB6C0,	0xE98FA1,	//	鏡
136,	0x9755,	0xCDB6,	0xE8AA98,	//	誘
136,	0x9478,	0xC7D9,	0xE882BA,	//	肺
135,	0x96FB,	0xCCFD,	0xE6B2B9,	//	油
135,	0x8DF7,	0xBAF9,	0xE6A19C,	//	桜
135,	0x8FBA,	0xBEBC,	0xE698AD,	//	昭
135,	0x94E1,	0xC8E3,	0xE689B9,	//	批
135,	0x8EB7,	0xBCB9,	0xE59FB7,	//	執
134,	0x8E5E,	0xBBBF,	0xE8B39B,	//	賛
134,	0x9270,	0xC3D1,	0xE681A5,	//	恥
134,	0x83C1,	0xA6C3,	0xCEB3,	//	γ
133,	0x97EE,	0xCEF0,	0xE9BDA2,	//	齢
133,	0x8D71,	0xB9D2,	0xE888AA,	//	航
133,	0x97CE,	0xCED0,	0xE7B791,	//	緑
133,	0x9361,	0xC5C2,	0xE6AEBF,	//	殿
133,	0x92EB,	0xC4ED,	0xE5BAAD,	//	庭
133,	0x904E,	0xBFAF,	0xE4BEB5,	//	侵
133,	0x84A7,	0xA8A9,	0xE294A4,	//	┤
132,	0x88EE,	0xB0F0,	0xE7A8B2,	//	稲
132,	0x967D,	0xCBDE,	0xE587A1,	//	凡
131,	0xE3BB,	0xE6BD,	0xE7BEB9,	//	羹
131,	0x90F8,	0xC0FA,	0xE785BD,	//	煽
131,	0x9571,	0xC9D2,	0xE6958F,	//	敏
131,	0x98A6,	0xD0A8,	0xE4B8BF,	//	丿
130,	0x8BB9,	0xB6BB,	0xE883B8,	//	胸
130,	0x93EA,	0xC6EC,	0xE7B884,	//	縄
130,	0x8998,	0xB1F8,	0xE6B19A,	//	汚
129,	0x9293,	0xC3F3,	0xE9A790,	//	駐
129,	0x88EF,	0xB0F1,	0xE88CA8,	//	茨
129,	0x9763,	0xCDC4,	0xE5B9BC,	//	幼
129,	0x929A,	0xC3FA,	0xE4B881,	//	丁
128,	0x8B9B,	0xB5FB,	0xE9AD9A,	//	魚
128,	0x9273,	0xC3D4,	0xE797B4,	//	痴
128,	0x89F6,	0xB2F8,	0xE680AA,	//	怪
127,	0x8F75,	0xBDD6,	0xE79EAC,	//	瞬
127,	0x97A5,	0xCEA7,	0xE5BE8B,	//	律
127,	0x8D46,	0xB9A7,	0xE5AD9D,	//	孝
126,	0x964C,	0xCBAD,	0xE8B18A,	//	豊
126,	0x8EC1,	0xBCC3,	0xE89480,	//	蔀
126,	0x8DD8,	0xBADA,	0xE88F9C,	//	菜
126,	0x8C73,	0xB7D4,	0xE88C8E,	//	茎
126,	0x92BF,	0xC4C1,	0xE78F8D,	//	珍
125,	0x8C8A,	0xB7EA,	0xE7A9B4,	//	穴
125,	0x969D,	0xCBFD,	0xE685A2,	//	慢
125,	0x8E68,	0xBBC9,	0xE588BA,	//	刺
124,	0x97ED,	0xCEEF,	0xE9BA97,	//	麗
124,	0x9584,	0xC9E4,	0xE7ACA6,	//	符
124,	0x81E8,	0xA2EA,	0xE288AC,	//	∬
123,	0x9870,	0xCFD1,	0xE6B9BE,	//	湾
123,	0x957E,	0xC9DF,	0xE695B7,	//	敷
122,	0x9077,	0xBFD8,	0xE999A3,	//	陣
122,	0x92C0,	0xC4C2,	0xE8B383,	//	賃
122,	0x8FB8,	0xBEBA,	0xE69887,	//	昇
122,	0x8ED8,	0xBCDA,	0xE5809F,	//	借
122,	0x82D8,	0xA4DA,	0xE381BA,	//	ぺ
121,	0x91A6,	0xC2A8,	0xE58DB3,	//	即
121,	0x83C9,	0xA6CB,	0xCEBB,	//	λ
120,	0x8AF0,	0xB4F2,	0xE5AC89,	//	嬉
119,	0x96D4,	0xCCD6,	0xE7B6B2,	//	網
119,	0x8F45,	0xBDA6,	0xE68BBE,	//	拾
118,	0x90B9,	0xC0BB,	0xE88196,	//	聖
118,	0x96B0,	0xCCB2,	0xE79CA0,	//	眠
118,	0x94D5,	0xC8D7,	0xE79BA4,	//	盤
118,	0x8BF0,	0xB6F2,	0xE6849A,	//	愚
117,	0x9F54,	0xDDB5,	0xE9ACB1,	//	鬱
117,	0x89D2,	0xB2D4,	0xE7A8BC,	//	稼
117,	0x8C87,	0xB7E7,	0xE6ACA0,	//	欠
116,	0x8948,	0xB1A9,	0xE7BEBD,	//	羽
116,	0x95E4,	0xCAE6,	0xE7A982,	//	穂
116,	0x8B70,	0xB5D1,	0xE58DB4,	//	却
115,	0x9075,	0xBFD6,	0xE8A88A,	//	訊
115,	0x9785,	0xCDE5,	0xE7BE85,	//	羅
115,	0x8E44,	0xBBA5,	0xE69CAD,	//	札
115,	0x9680,	0xCBE0,	0xE691A9,	//	摩
115,	0x9472,	0xC7D3,	0xE68E92,	//	排
115,	0x95F6,	0xCAF8,	0xE5B4A9,	//	崩
115,	0x8DDC,	0xBADE,	0xE589A4,	//	剤
115,	0x83B5,	0xA6B7,	0xCEA8,	//	Ψ
114,	0x97D5,	0xCED7,	0xE887A8,	//	臨
114,	0x8EA8,	0xBCAA,	0xE880B3,	//	耳
114,	0x985A,	0xCFBB,	0xE585AD,	//	六
113,	0x8CDA,	0xB8DC,	0xE9A1A7,	//	顧
113,	0x8976,	0xB1D7,	0xE79B8A,	//	益
113,	0x90A3,	0xC0A5,	0xE780AC,	//	瀬
113,	0x93C8,	0xC6CA,	0xE6A083,	//	栃
113,	0x8F40,	0xBDA1,	0xE5AE97,	//	宗
113,	0x899C,	0xB1FC,	0xE5A5A5,	//	奥
113,	0x95EF,	0xCAF1,	0xE58C85,	//	包
113,	0x8F72,	0xBDD3,	0xE4BF8A,	//	俊
113,	0x906D,	0xBFCE,	0xE4BB81,	//	仁
112,	0x9741,	0xCDA2,	0xE8BCB8,	//	輸
111,	0x97B2,	0xCEB4,	0xE99A86,	//	隆
110,	0x8ACA,	0xB4CC,	0xE7BCB6,	//	缶
110,	0x9454,	0xC7B5,	0xE4B983,	//	乃
109,	0x8BD8,	0xB6DA,	0xE7AD8B,	//	筋
109,	0x8ABD,	0xB4BF,	0xE6AD93,	//	歓
109,	0x8C68,	0xB7C9,	0xE695AC,	//	敬
108,	0x9643,	0xCBA4,	0xE7A0B2,	//	砲
107,	0x8279,	0xA3DA,	0xEFBCBA,	//	Ｚ
107,	0x9856,	0xCFB7,	0xE88081,	//	老
107,	0x8F6A,	0xBDCB,	0xE7A59D,	//	祝
107,	0x8B58,	0xB5B9,	0xE5AE9C,	//	宜
106,	0xE978,	0xF1D9,	0xE9A899,	//	騙
106,	0x8AD3,	0xB4D5,	0xE99191,	//	鑑
106,	0x8C95,	0xB7F5,	0xE589A3,	//	剣
105,	0x906B,	0xBFCC,	0xE99C87,	//	震
105,	0x8AFC,	0xB4FE,	0xE6A384,	//	棄
105,	0x8EB5,	0xBCB7,	0xE4B883,	//	七
104,	0x8A87,	0xB3E7,	0xE68BAC,	//	括
104,	0x8D4F,	0xB9B0,	0xE5BC98,	//	弘
104,	0x8F84,	0xBDE4,	0xE5B7A1,	//	巡
103,	0x9778,	0xCDD9,	0xE8B88A,	//	踊
103,	0x9663,	0xCBC4,	0xE886A8,	//	膨
103,	0x94A8,	0xC8AA,	0xE79591,	//	畑
103,	0x8E6F,	0xBBD0,	0xE5A789,	//	姉
103,	0x8BE4,	0xB6E6,	0xE580B6,	//	倶
102,	0x964D,	0xCBAE,	0xE982A6,	//	邦
102,	0x9076,	0xBFD7,	0xE8BF85,	//	迅
102,	0x8A59,	0xB3BA,	0xE8A9B2,	//	該
102,	0x96CE,	0xCCD0,	0xE88C82,	//	茂
102,	0x88AC,	0xB0AE,	0xE68FA1,	//	握
102,	0x8DFB,	0xBAFD,	0xE5868A,	//	冊
102,	0x8BC2,	0xB6C4,	0xE4BBB0,	//	仰
101,	0x91DD,	0xC2DF,	0xE8B2B8,	//	貸
101,	0x8F4F,	0xBDB0,	0xE8A186,	//	衆
101,	0x8C85,	0xB7E5,	0xE6A181,	//	桁
101,	0x9377,	0xC5D8,	0xE58AAA,	//	努
101,	0x89C0,	0xB2C2,	0xE4BDB3,	//	佳
100,	0x8C46,	0xB7A7,	0xE7868A,	//	熊
